,h3_10,crows
0,8a28308004b7fff,4.0
1,8a2830802047fff,15.0
2,8a283080204ffff,5386.0
3,8a2830802057fff,110.0
4,8a283080205ffff,19.0
5,8a2830802067fff,6.0
6,8a2830802077fff,17.0
7,8a28308020effff,71.0
8,8a2830802147fff,37.0
9,8a2830802157fff,19.0
10,8a283080215ffff,16.0
11,8a2830802167fff,2.0
12,8a283080216ffff,4.0
13,8a283080219ffff,2.0
14,8a2830802317fff,3.0
15,8a283080231ffff,4.0
16,8a2830802367fff,30.0
17,8a28308023a7fff,33.0
18,8a28308023b7fff,7.0
19,8a2830802b87fff,4.0
20,8a2830802b8ffff,2.0
21,8a2830802b97fff,10.0
22,8a2830802b9ffff,16.0
23,8a283080378ffff,1.0
24,8a283080379ffff,2.0
25,8a2830803d5ffff,3.0
26,8a283080632ffff,43.0
27,8a28308064c7fff,1.0
28,8a2830806707fff,132.0
29,8a2830806737fff,6.0
30,8a2830806c9ffff,8.0
31,8a2830806cb7fff,48.0
32,8a2830810037fff,24.0
33,8a2830810087fff,1.0
34,8a2830810117fff,59.0
35,8a283081011ffff,3.0
36,8a2830810137fff,1.0
37,8a283081014ffff,31.0
38,8a283081016ffff,33.0
39,8a2830810177fff,2.0
40,8a283081018ffff,912.0
41,8a2830810197fff,100.0
42,8a2830810207fff,1.0
43,8a2830810407fff,1492.0
44,8a283081040ffff,4.0
45,8a2830810417fff,4.0
46,8a2830810427fff,156.0
47,8a2830810437fff,1.0
48,8a283081046ffff,175.0
49,8a28308104c7fff,42.0
50,8a28308104d7fff,2.0
51,8a28308104e7fff,175.0
52,8a2830810507fff,12.0
53,8a2830810517fff,85.0
54,8a2830810527fff,3.0
55,8a2830810557fff,3.0
56,8a283081055ffff,12.0
57,8a2830810577fff,98.0
58,8a2830810587fff,196.0
59,8a283081058ffff,11.0
60,8a2830810597fff,124.0
61,8a283081059ffff,25.0
62,8a28308105a7fff,1661.0
63,8a28308105affff,37.0
64,8a283081061ffff,2.0
65,8a283081062ffff,2.0
66,8a2830810707fff,75.0
67,8a283081076ffff,9.0
68,8a2830810777fff,4.0
69,8a283081078ffff,2.0
70,8a28308107affff,2.0
71,8a2830810827fff,2.0
72,8a2830810857fff,3.0
73,8a2830810897fff,4.0
74,8a28308108c7fff,4.0
75,8a2830810927fff,2.0
76,8a2830810967fff,3.0
77,8a283081098ffff,2.0
78,8a2830810a5ffff,10.0
79,8a2830810acffff,15.0
80,8a2830810adffff,6.0
81,8a2830810b97fff,2.0
82,8a2830810baffff,4.0
83,8a2830810bb7fff,1.0
84,8a2830810c07fff,180.0
85,8a2830810c0ffff,4.0
86,8a2830810c97fff,51.0
87,8a2830810c9ffff,57.0
88,8a2830810caffff,7.0
89,8a2830810cb7fff,1.0
90,8a2830810cc7fff,13.0
91,8a2830810cdffff,1.0
92,8a2830810cf7fff,80.0
93,8a2830810d17fff,237.0
94,8a2830810d1ffff,1.0
95,8a2830810d2ffff,4.0
96,8a2830810d87fff,9.0
97,8a2830810d8ffff,73.0
98,8a2830810d9ffff,4.0
99,8a2830810da7fff,1.0
100,8a2830810db7fff,434.0
101,8a2830811287fff,110.0
102,8a28308115affff,2.0
103,8a283081168ffff,2.0
104,8a2830811697fff,8.0
105,8a28308116c7fff,21.0
106,8a28308116dffff,2.0
107,8a28308116effff,1.0
108,8a2830811897fff,1.0
109,8a2830811987fff,2.0
110,8a28308119affff,2.0
111,8a28308119b7fff,10.0
112,8a2830811c4ffff,76.0
113,8a2830811c77fff,11.0
114,8a2830811c87fff,102.0
115,8a2830811cb7fff,60.0
116,8a2830811cc7fff,865.0
117,8a2830811ce7fff,3.0
118,8a2830811d17fff,1.0
119,8a2830811d57fff,120.0
120,8a2830811d67fff,11.0
121,8a2830811d6ffff,22.0
122,8a2830812017fff,557.0
123,8a2830812037fff,8.0
124,8a283081204ffff,1.0
125,8a283081205ffff,7.0
126,8a2830812067fff,6.0
127,8a2830812087fff,1.0
128,8a283081208ffff,6.0
129,8a28308120affff,6.0
130,8a28308120e7fff,540.0
131,8a2830812107fff,2.0
132,8a283081212ffff,9.0
133,8a2830812137fff,17.0
134,8a2830812187fff,3.0
135,8a283081218ffff,6.0
136,8a2830812197fff,3.0
137,8a28308121a7fff,3.0
138,8a283081224ffff,3.0
139,8a283081225ffff,1.0
140,8a283081228ffff,3.0
141,8a2830812297fff,99.0
142,8a28308122a7fff,3.0
143,8a28308122c7fff,2.0
144,8a283081231ffff,82.0
145,8a2830812327fff,3.0
146,8a2830812337fff,30.0
147,8a2830812347fff,5.0
148,8a283081234ffff,5.0
149,8a2830812357fff,1.0
150,8a283081235ffff,2.0
151,8a283081236ffff,8.0
152,8a283081239ffff,49.0
153,8a283081242ffff,1.0
154,8a283081244ffff,5.0
155,8a2830812457fff,4.0
156,8a283081245ffff,1.0
157,8a283081249ffff,5.0
158,8a28308124c7fff,15.0
159,8a28308124dffff,23.0
160,8a283081252ffff,12.0
161,8a2830812537fff,2.0
162,8a2830812547fff,1.0
163,8a2830812597fff,128.0
164,8a28308125a7fff,5.0
165,8a28308125b7fff,9.0
166,8a283081268ffff,6.0
167,8a283081269ffff,28.0
168,8a28308126a7fff,14.0
169,8a28308126affff,23.0
170,8a28308126c7fff,10.0
171,8a28308126d7fff,20.0
172,8a28308126dffff,10.0
173,8a28308126effff,6.0
174,8a2830812707fff,2.0
175,8a2830812767fff,12.0
176,8a2830812797fff,2.0
177,8a283081280ffff,2.0
178,8a2830812817fff,2.0
179,8a283081282ffff,6.0
180,8a283081284ffff,2.0
181,8a2830812877fff,1.0
182,8a2830812907fff,9.0
183,8a283081290ffff,18.0
184,8a2830812927fff,9.0
185,8a2830812937fff,68.0
186,8a2830812957fff,2.0
187,8a283081295ffff,2.0
188,8a2830812a17fff,5.0
189,8a2830812a1ffff,90.0
190,8a2830812a2ffff,5.0
191,8a2830812a77fff,1.0
192,8a2830812a97fff,2.0
193,8a2830812ad7fff,38.0
194,8a2830812ae7fff,5.0
195,8a2830812b17fff,2.0
196,8a2830812b2ffff,41.0
197,8a2830812b37fff,2.0
198,8a2830812b9ffff,4.0
199,8a2830812c0ffff,1.0
200,8a2830812c27fff,6.0
201,8a2830812c2ffff,58.0
202,8a2830812c5ffff,2.0
203,8a2830812ce7fff,301.0
204,8a2830812cf7fff,97.0
205,8a2830812d37fff,1.0
206,8a2830812d4ffff,1.0
207,8a2830812d5ffff,2.0
208,8a2830812d6ffff,2.0
209,8a2830812d77fff,1.0
210,8a283081305ffff,20.0
211,8a2830813087fff,4.0
212,8a28308130affff,29.0
213,8a28308130effff,2.0
214,8a28308130f7fff,2.0
215,8a2830813247fff,9.0
216,8a2830813287fff,67.0
217,8a283081329ffff,4.0
218,8a283081331ffff,3.0
219,8a28308133affff,2.0
220,8a2830813487fff,4.0
221,8a283081349ffff,911.0
222,8a28308134cffff,7.0
223,8a28308134e7fff,10.0
224,8a283081350ffff,8.0
225,8a2830813547fff,9.0
226,8a2830813557fff,143.0
227,8a2830813577fff,5.0
228,8a283081358ffff,5.0
229,8a2830813597fff,12.0
230,8a283081359ffff,16.0
231,8a28308135affff,230.0
232,8a28308135b7fff,12.0
233,8a2830813607fff,4.0
234,8a283081361ffff,5.0
235,8a2830813627fff,31.0
236,8a283081362ffff,2.0
237,8a2830813697fff,4.0
238,8a28308136cffff,17.0
239,8a28308136e7fff,12.0
240,8a283081375ffff,2.0
241,8a2830813767fff,8.0
242,8a2830813857fff,6.0
243,8a283081386ffff,2.0
244,8a283081395ffff,1.0
245,8a2830813a37fff,8.0
246,8a2830813a4ffff,1.0
247,8a2830813a5ffff,2.0
248,8a2830813a67fff,2.0
249,8a2830813a8ffff,3.0
250,8a2830813acffff,6.0
251,8a2830813ae7fff,1.0
252,8a2830813b17fff,6.0
253,8a2830813b67fff,50.0
254,8a2830813c37fff,38.0
255,8a2830813c4ffff,1.0
256,8a2830813d1ffff,1.0
257,8a2830813d27fff,100.0
258,8a2830813d2ffff,1.0
259,8a2830814017fff,119.0
260,8a283081401ffff,7.0
261,8a2830814077fff,21.0
262,8a2830814117fff,2.0
263,8a2830814127fff,35.0
264,8a2830814157fff,2.0
265,8a28308141b7fff,863.0
266,8a2830814217fff,10.0
267,8a283081428ffff,1.0
268,8a2830814297fff,4.0
269,8a283081429ffff,7.0
270,8a28308142cffff,3.0
271,8a28308142d7fff,9.0
272,8a28308142dffff,13.0
273,8a283081434ffff,3.0
274,8a2830814377fff,3.0
275,8a2830814387fff,8.0
276,8a28308143a7fff,3.0
277,8a28308143affff,8.0
278,8a283081441ffff,89.0
279,8a283081445ffff,4.0
280,8a2830814527fff,9.0
281,8a2830814627fff,2.0
282,8a2830814707fff,1.0
283,8a283081470ffff,2.0
284,8a2830814717fff,295.0
285,8a2830814727fff,7.0
286,8a2830814747fff,1.0
287,8a28308147a7fff,1.0
288,8a283081489ffff,27.0
289,8a283081499ffff,3.0
290,8a28308149affff,10.0
291,8a2830814a37fff,11.0
292,8a2830814a6ffff,2.0
293,8a2830814b87fff,1.0
294,8a2830814bb7fff,3.0
295,8a2830814c0ffff,820.0
296,8a2830814c17fff,33.0
297,8a2830814c87fff,15.0
298,8a2830814c8ffff,2.0
299,8a2830814c9ffff,1.0
300,8a2830814ca7fff,3.0
301,8a2830814ccffff,8.0
302,8a2830814cd7fff,58.0
303,8a2830814ce7fff,6.0
304,8a2830814d37fff,24.0
305,8a2830814d87fff,2.0
306,8a2830814d8ffff,12.0
307,8a2830814d9ffff,4.0
308,8a2830815117fff,11.0
309,8a2830815197fff,56.0
310,8a283081528ffff,1.0
311,8a283081554ffff,1.0
312,8a2830815597fff,1.0
313,8a283081565ffff,3.0
314,8a283081566ffff,14.0
315,8a28308156dffff,7.0
316,8a28308156effff,17.0
317,8a2830815847fff,33.0
318,8a2830815877fff,1.0
319,8a28308158affff,16.0
320,8a28308158effff,44.0
321,8a2830815a57fff,2.0
322,8a2830815c07fff,4.0
323,8a2830815c67fff,4.0
324,8a2830815d5ffff,1.0
325,8a2830815daffff,2.0
326,8a283081600ffff,2.0
327,8a283081609ffff,1.0
328,8a28308160affff,3.0
329,8a28308160effff,8.0
330,8a283081618ffff,2261.0
331,8a2830816197fff,5.0
332,8a2830816217fff,4.0
333,8a283081622ffff,24506.0
334,8a2830816247fff,29.0
335,8a283081624ffff,23.0
336,8a2830816257fff,210.0
337,8a283081625ffff,681.0
338,8a2830816287fff,190.0
339,8a283081629ffff,26.0
340,8a28308162c7fff,15.0
341,8a28308162cffff,3490.0
342,8a28308162d7fff,27.0
343,8a28308162dffff,162.0
344,8a28308162effff,38.0
345,8a283081631ffff,1.0
346,8a283081635ffff,464.0
347,8a2830816387fff,60.0
348,8a2830816397fff,14.0
349,8a28308163affff,1.0
350,8a2830816407fff,10.0
351,8a283081640ffff,2.0
352,8a283081648ffff,33.0
353,8a28308164a7fff,3.0
354,8a28308164cffff,6.0
355,8a28308164e7fff,3.0
356,8a28308164f7fff,2.0
357,8a2830816507fff,13.0
358,8a283081654ffff,2.0
359,8a2830816557fff,6.0
360,8a283081656ffff,3.0
361,8a2830816587fff,551.0
362,8a283081659ffff,5.0
363,8a28308165a7fff,12.0
364,8a28308165affff,153.0
365,8a283081664ffff,2.0
366,8a2830816667fff,4.0
367,8a283081669ffff,3.0
368,8a28308166cffff,1.0
369,8a283081692ffff,3.0
370,8a2830816947fff,84.0
371,8a2830816a4ffff,1.0
372,8a2830816a57fff,30.0
373,8a2830816a77fff,227.0
374,8a2830816b47fff,6.0
375,8a2830816b4ffff,6.0
376,8a2830816b5ffff,11.0
377,8a2830816b67fff,5.0
378,8a2830816c27fff,208.0
379,8a2830816c2ffff,4.0
380,8a2830816c37fff,2.0
381,8a2830816caffff,35.0
382,8a2830816ceffff,15.0
383,8a2830816d0ffff,115.0
384,8a2830816d2ffff,35.0
385,8a2830816d47fff,7.0
386,8a2830816d6ffff,1.0
387,8a2830816da7fff,3.0
388,8a2830818697fff,469.0
389,8a283081871ffff,6.0
390,8a2830818c9ffff,11.0
391,8a2830818ca7fff,5.0
392,8a2830818d17fff,21.0
393,8a2830818d37fff,24.0
394,8a2830818d87fff,16.0
395,8a2830818d8ffff,36.0
396,8a2830818d9ffff,4.0
397,8a2830818daffff,38.0
398,8a2830818db7fff,3650.0
399,8a283081a007fff,168.0
400,8a283081a017fff,75.0
401,8a283081a01ffff,32.0
402,8a283081a037fff,77.0
403,8a283081a04ffff,1.0
404,8a283081a067fff,222.0
405,8a283081a08ffff,6.0
406,8a283081a097fff,2.0
407,8a283081a0affff,4.0
408,8a283081a0cffff,10.0
409,8a283081a0e7fff,133.0
410,8a283081a0effff,6.0
411,8a283081a10ffff,2.0
412,8a283081a117fff,221.0
413,8a283081a11ffff,4.0
414,8a283081a127fff,5.0
415,8a283081a137fff,35.0
416,8a283081a1affff,11.0
417,8a283081a20ffff,263.0
418,8a283081a217fff,41.0
419,8a283081a21ffff,12.0
420,8a283081a227fff,52.0
421,8a283081a237fff,4411.0
422,8a283081a24ffff,15.0
423,8a283081a25ffff,40.0
424,8a283081a267fff,37.0
425,8a283081a26ffff,184.0
426,8a283081a277fff,7109.0
427,8a283081a297fff,1.0
428,8a283081a2a7fff,5.0
429,8a283081a2c7fff,4.0
430,8a283081a2d7fff,2.0
431,8a283081a2dffff,16.0
432,8a283081a2e7fff,16.0
433,8a283081a2effff,13.0
434,8a283081a2f7fff,9.0
435,8a283081a30ffff,2.0
436,8a283081a317fff,1158.0
437,8a283081a337fff,7.0
438,8a283081a357fff,94.0
439,8a283081a367fff,172.0
440,8a283081a36ffff,6.0
441,8a283081a377fff,4.0
442,8a283081a38ffff,1.0
443,8a283081a397fff,19.0
444,8a283081a3a7fff,11.0
445,8a283081a3affff,160.0
446,8a283081a3b7fff,2.0
447,8a283081a447fff,7.0
448,8a283081a457fff,26.0
449,8a283081a467fff,6.0
450,8a283081a477fff,6.0
451,8a283081a487fff,15.0
452,8a283081a49ffff,2.0
453,8a283081a4affff,8.0
454,8a283081a4dffff,17.0
455,8a283081a597fff,7.0
456,8a283081a617fff,2.0
457,8a283081a627fff,8.0
458,8a283081a62ffff,12.0
459,8a283081a647fff,1.0
460,8a283081a657fff,1.0
461,8a283081a677fff,8.0
462,8a283081a69ffff,22.0
463,8a283081a6affff,282.0
464,8a283081a71ffff,332.0
465,8a283081a747fff,31.0
466,8a283081a757fff,11.0
467,8a283081a78ffff,41.0
468,8a283081a79ffff,120.0
469,8a283081a7affff,5.0
470,8a283081a7b7fff,3.0
471,8a283081a817fff,51.0
472,8a283081a887fff,35.0
473,8a283081a8b7fff,70.0
474,8a283081a8d7fff,535.0
475,8a283081a9a7fff,2.0
476,8a283081a9b7fff,8.0
477,8a283081ac47fff,3.0
478,8a283081ac67fff,20.0
479,8a283081ac6ffff,15014.0
480,8a283081ac77fff,201.0
481,8a283081aca7fff,4.0
482,8a283081acf7fff,3.0
483,8a283081ad47fff,2.0
484,8a283081ad4ffff,24.0
485,8a283081ad57fff,6.0
486,8a283081ad67fff,106.0
487,8a283081ad87fff,16.0
488,8a283081ad9ffff,4826.0
489,8a283081adaffff,499.0
490,8a283081b087fff,13.0
491,8a283081b08ffff,2.0
492,8a283081b09ffff,7.0
493,8a283081b0a7fff,13.0
494,8a283081b0b7fff,7.0
495,8a283081b197fff,76.0
496,8a283081b40ffff,51.0
497,8a283081b427fff,38.0
498,8a283081b42ffff,21.0
499,8a283081b44ffff,5.0
500,8a283081b457fff,49.0
501,8a283081b45ffff,52.0
502,8a283081b467fff,39.0
503,8a283081b46ffff,4.0
504,8a283081b507fff,16.0
505,8a283081b50ffff,5.0
506,8a283081b517fff,140.0
507,8a283081b51ffff,9139.0
508,8a283081b527fff,2.0
509,8a283081b52ffff,28.0
510,8a283081b537fff,21.0
511,8a283081b547fff,2.0
512,8a283081b54ffff,32.0
513,8a283081b557fff,6.0
514,8a283081b55ffff,105.0
515,8a283081b567fff,10.0
516,8a283081b56ffff,8.0
517,8a283081b577fff,6.0
518,8a283081b587fff,25.0
519,8a283081b59ffff,1994.0
520,8a283081b5a7fff,17.0
521,8a283081b5affff,2.0
522,8a283081b5b7fff,20.0
523,8a283081b707fff,20.0
524,8a283081b72ffff,4.0
525,8a283081b7a7fff,20.0
526,8a283081b987fff,5.0
527,8a283081b9affff,6.0
528,8a283081bad7fff,3.0
529,8a283081bb17fff,4.0
530,8a283081bc07fff,1.0
531,8a283081bc17fff,14.0
532,8a283081bc1ffff,3.0
533,8a283081bc27fff,8.0
534,8a283081bc37fff,83.0
535,8a283081bc97fff,3318.0
536,8a283081bcaffff,1.0
537,8a283081bcc7fff,585.0
538,8a283081bccffff,2.0
539,8a283081bcd7fff,3.0
540,8a283081bcdffff,2.0
541,8a283081bce7fff,5.0
542,8a283081bd17fff,77.0
543,8a283081bd1ffff,55.0
544,8a283081bd47fff,5.0
545,8a283081bd67fff,650.0
546,8a283081bd87fff,21.0
547,8a283081bd8ffff,13.0
548,8a283081bd97fff,16.0
549,8a283081bd9ffff,8.0
550,8a283081bdaffff,52.0
551,8a283081c107fff,4.0
552,8a283081c197fff,1.0
553,8a283081c407fff,268.0
554,8a283081c8cffff,191.0
555,8a283081c99ffff,12.0
556,8a283081cb77fff,2.0
557,8a283081cb97fff,1.0
558,8a283081ccd7fff,4.0
559,8a283081d537fff,24.0
560,8a283081e00ffff,14.0
561,8a283081e01ffff,6.0
562,8a283081e037fff,8.0
563,8a283081e08ffff,10.0
564,8a283081e0e7fff,2.0
565,8a283081e0f7fff,19.0
566,8a283081e147fff,5.0
567,8a283081e157fff,1950.0
568,8a283081e177fff,3.0
569,8a283081e19ffff,3.0
570,8a283081e1b7fff,18.0
571,8a283081e207fff,5.0
572,8a283081e2b7fff,14.0
573,8a283081e327fff,14.0
574,8a283081e40ffff,7.0
575,8a283081e427fff,3.0
576,8a283081e45ffff,2.0
577,8a283081e4c7fff,2.0
578,8a283081e4e7fff,520.0
579,8a283081e4effff,337.0
580,8a283081e4f7fff,2.0
581,8a283081e55ffff,18.0
582,8a283081e667fff,1.0
583,8a283081e6c7fff,26.0
584,8a283081e6cffff,94.0
585,8a283081e6dffff,37.0
586,8a283081e6effff,102.0
587,8a283081e6f7fff,400.0
588,8a283081e727fff,2.0
589,8a283081e74ffff,4023.0
590,8a283081e757fff,6.0
591,8a283081e75ffff,1.0
592,8a283081e777fff,8.0
593,8a283081e8affff,15.0
594,8a283081e927fff,4.0
595,8a283081ea0ffff,80.0
596,8a283081ea17fff,3.0
597,8a283081ea1ffff,7.0
598,8a283081ea47fff,8.0
599,8a283081ea4ffff,4.0
600,8a283081ea77fff,382.0
601,8a283081ea8ffff,8.0
602,8a283081ea97fff,1.0
603,8a283081eaa7fff,24.0
604,8a283081eab7fff,2.0
605,8a283081eb9ffff,5.0
606,8a283081ec0ffff,7.0
607,8a283081ec4ffff,9.0
608,8a283081ec5ffff,3.0
609,8a283081ec6ffff,1.0
610,8a283081ecdffff,6.0
611,8a283081ece7fff,8.0
612,8a283081eceffff,1.0
613,8a283081ecf7fff,1.0
614,8a283081ed67fff,8.0
615,8a283083202ffff,2.0
616,8a2830832187fff,4.0
617,8a28308321a7fff,114.0
618,8a28308321affff,9.0
619,8a28308321b7fff,14.0
620,8a2830832207fff,7625.0
621,8a283083220ffff,120.0
622,8a2830832217fff,44.0
623,8a283083222ffff,372.0
624,8a2830832237fff,22.0
625,8a2830832267fff,14.0
626,8a2830832277fff,4.0
627,8a2830832287fff,3.0
628,8a283083228ffff,287.0
629,8a28308322a7fff,3.0
630,8a28308322affff,12.0
631,8a28308322f7fff,4.0
632,8a2830832347fff,146.0
633,8a283083235ffff,3.0
634,8a283083236ffff,3173.0
635,8a2830832377fff,2.0
636,8a2830832387fff,12.0
637,8a283083238ffff,2.0
638,8a28308323a7fff,2389.0
639,8a28308323affff,27.0
640,8a283083241ffff,12.0
641,8a283083242ffff,16.0
642,8a28308324b7fff,7.0
643,8a28308324cffff,20.0
644,8a28308324e7fff,30.0
645,8a2830832557fff,7.0
646,8a283083260ffff,7.0
647,8a2830832617fff,83.0
648,8a283083265ffff,2.0
649,8a2830832677fff,4.0
650,8a2830832717fff,2.0
651,8a283083272ffff,1.0
652,8a2830832737fff,4.0
653,8a283083275ffff,2.0
654,8a2830832c17fff,18.0
655,8a2830832c5ffff,10.0
656,8a283083301ffff,8.0
657,8a283083302ffff,88.0
658,8a2830833037fff,34.0
659,8a2830833067fff,15.0
660,8a283083306ffff,1.0
661,8a2830833077fff,2.0
662,8a283083315ffff,2.0
663,8a2830833187fff,16.0
664,8a28308331a7fff,43.0
665,8a28308331b7fff,16.0
666,8a2830833237fff,287.0
667,8a283083329ffff,12.0
668,8a2830833317fff,1.0
669,8a283083340ffff,4.0
670,8a283083344ffff,7.0
671,8a2830833467fff,38.0
672,8a2830833527fff,1.0
673,8a2830833727fff,4.0
674,8a2830833a9ffff,2.0
675,8a2830833aa7fff,39.0
676,8a2830833b4ffff,157.0
677,8a2830833c07fff,57.0
678,8a2830833c0ffff,23.0
679,8a2830833c1ffff,4.0
680,8a2830833c47fff,11.0
681,8a2830833c4ffff,6.0
682,8a2830833cd7fff,3.0
683,8a2830833ce7fff,87.0
684,8a2830833d97fff,37.0
685,8a2830833db7fff,3.0
686,8a2830836477fff,7.0
687,8a28308364f7fff,119.0
688,8a283083650ffff,16.0
689,8a2830836527fff,1.0
690,8a2830836537fff,16.0
691,8a2830836597fff,2.0
692,8a2830836c97fff,16.0
693,8a2830836d97fff,6.0
694,8a283088002ffff,5.0
695,8a283088006ffff,32.0
696,8a2830880087fff,5.0
697,8a283088012ffff,4.0
698,8a2830880147fff,1.0
699,8a2830880197fff,2.0
700,8a28308801affff,5.0
701,8a2830880367fff,4.0
702,8a2830880817fff,2.0
703,8a283088082ffff,3.0
704,8a283088085ffff,26.0
705,8a28308808c7fff,3.0
706,8a28308808cffff,2.0
707,8a28308808d7fff,25.0
708,8a2830880ac7fff,3.0
709,8a2830880acffff,14.0
710,8a2830880ad7fff,16.0
711,8a2830880adffff,4.0
712,8a2830880af7fff,1.0
713,8a2830880b97fff,24.0
714,8a2830880c87fff,55.0
715,8a2830880caffff,6.0
716,8a2830881847fff,6049.0
717,8a2830881937fff,109.0
718,8a2830881b37fff,1.0
719,8a2830881c1ffff,2.0
720,8a2830881c27fff,4.0
721,8a2830881c6ffff,10.0
722,8a2830881cb7fff,1.0
723,8a2830881d87fff,2.0
724,8a2830882827fff,516.0
725,8a2830884247fff,2.0
726,8a2830884267fff,225.0
727,8a28308842effff,20.0
728,8a283088431ffff,2.0
729,8a2830884337fff,6.0
730,8a28308843a7fff,4.0
731,8a2830884417fff,2.0
732,8a283088441ffff,2.0
733,8a2830884687fff,15.0
734,8a28308846affff,119.0
735,8a2830884767fff,10.0
736,8a2830884777fff,2.0
737,8a2830884b6ffff,8.0
738,8a2830884cdffff,9.0
739,8a2830884d1ffff,21.0
740,8a283088500ffff,10.0
741,8a28308850effff,1.0
742,8a2830885507fff,4.0
743,8a28308857affff,2.0
744,8a2830885867fff,1.0
745,8a2830885927fff,4.0
746,8a283088598ffff,2.0
747,8a2830885997fff,40.0
748,8a2830885b97fff,1.0
749,8a2830885ba7fff,1.0
750,8a2830886007fff,1.0
751,8a2830886117fff,11.0
752,8a283088614ffff,3.0
753,8a283088650ffff,8.0
754,8a2830886517fff,2.0
755,8a283088658ffff,3.0
756,8a2830886717fff,4.0
757,8a283088682ffff,2.0
758,8a283088685ffff,4.0
759,8a2830886a2ffff,1.0
760,8a2830886a77fff,4.0
761,8a2830886a87fff,14.0
762,8a2830886a8ffff,167.0
763,8a2830886ab7fff,1.0
764,8a2830886cb7fff,1.0
765,8a2830886d97fff,1.0
766,8a2830894357fff,1.0
767,8a283089516ffff,3.0
768,8a283089551ffff,102.0
769,8a283089552ffff,8.0
770,8a28308958c7fff,5.0
771,8a28308958cffff,1.0
772,8a2830895927fff,60.0
773,8a283089592ffff,8.0
774,8a2830895947fff,2.0
775,8a2830895a1ffff,8.0
776,8a2830895a2ffff,24.0
777,8a2830895a4ffff,6.0
778,8a2830895a5ffff,1.0
779,8a2830895aa7fff,9.0
780,8a2830895aaffff,19.0
781,8a2830895ac7fff,7.0
782,8a2830895ad7fff,7.0
783,8a2830895ae7fff,36.0
784,8a2830895aeffff,11.0
785,8a2830895af7fff,24.0
786,8a2830895b1ffff,2.0
787,8a2830895b57fff,11.0
788,8a2830895b5ffff,3291.0
789,8a2830895b77fff,4.0
790,8a2830895bb7fff,2.0
791,8a2830895c9ffff,3.0
792,8a2830895cdffff,2.0
793,8a2830895d47fff,2.0
794,8a2830895d4ffff,1.0
795,8a28308a000ffff,6.0
796,8a28308a0057fff,9.0
797,8a28308a005ffff,340.0
798,8a28308a0107fff,1.0
799,8a28308a011ffff,41.0
800,8a28308a0127fff,6.0
801,8a28308a012ffff,5.0
802,8a28308a0187fff,101.0
803,8a28308a018ffff,7.0
804,8a28308a019ffff,1.0
805,8a28308a01b7fff,11.0
806,8a28308a0227fff,4.0
807,8a28308a028ffff,103.0
808,8a28308a02affff,5.0
809,8a28308a02c7fff,2.0
810,8a28308a032ffff,2.0
811,8a28308a0347fff,2.0
812,8a28308a034ffff,117.0
813,8a28308a039ffff,1.0
814,8a28308a040ffff,17.0
815,8a28308a0457fff,335.0
816,8a28308a046ffff,1.0
817,8a28308a04affff,1.0
818,8a28308a04e7fff,1.0
819,8a28308a0507fff,30.0
820,8a28308a0517fff,2.0
821,8a28308a0527fff,1.0
822,8a28308a0587fff,23.0
823,8a28308a05a7fff,5.0
824,8a28308a0617fff,1.0
825,8a28308a061ffff,32.0
826,8a28308a062ffff,7.0
827,8a28308a0677fff,1.0
828,8a28308a06c7fff,7.0
829,8a28308a06d7fff,2.0
830,8a28308a06dffff,4.0
831,8a28308a0717fff,3.0
832,8a28308a072ffff,2.0
833,8a28308a078ffff,2.0
834,8a28308a0847fff,5.0
835,8a28308a084ffff,5.0
836,8a28308a0857fff,2.0
837,8a28308a0867fff,2.0
838,8a28308a086ffff,2.0
839,8a28308a08c7fff,3.0
840,8a28308a08d7fff,2.0
841,8a28308a08effff,1.0
842,8a28308a0917fff,7.0
843,8a28308a094ffff,52.0
844,8a28308a096ffff,9.0
845,8a28308a0a1ffff,4.0
846,8a28308a0a67fff,5.0
847,8a28308a0a8ffff,2.0
848,8a28308a0c67fff,9.0
849,8a28308a0c97fff,23.0
850,8a28308a0c9ffff,4.0
851,8a28308a0cdffff,43.0
852,8a28308a0d17fff,5.0
853,8a28308a0d2ffff,1.0
854,8a28308a0d6ffff,68.0
855,8a28308a102ffff,31.0
856,8a28308a105ffff,283.0
857,8a28308a10a7fff,51.0
858,8a28308a10c7fff,3.0
859,8a28308a10cffff,3.0
860,8a28308a10effff,2.0
861,8a28308a112ffff,28.0
862,8a28308a118ffff,2.0
863,8a28308a1217fff,8.0
864,8a28308a124ffff,7.0
865,8a28308a12affff,2.0
866,8a28308a12b7fff,2.0
867,8a28308a12f7fff,2.0
868,8a28308a131ffff,2.0
869,8a28308a13b7fff,62.0
870,8a28308a1427fff,5.0
871,8a28308a1447fff,1.0
872,8a28308a14affff,2.0
873,8a28308a1567fff,1.0
874,8a28308a178ffff,4.0
875,8a28308a181ffff,2.0
876,8a28308a184ffff,2.0
877,8a28308a1857fff,8.0
878,8a28308a1887fff,6.0
879,8a28308a189ffff,2.0
880,8a28308a18b7fff,576.0
881,8a28308a18dffff,11.0
882,8a28308a1907fff,12.0
883,8a28308a1947fff,1.0
884,8a28308a194ffff,4.0
885,8a28308a1957fff,4.0
886,8a28308a195ffff,37.0
887,8a28308a196ffff,15.0
888,8a28308a1a0ffff,20.0
889,8a28308a1a1ffff,17.0
890,8a28308a1a4ffff,14.0
891,8a28308a1a57fff,10.0
892,8a28308a1a8ffff,8.0
893,8a28308a1aaffff,3.0
894,8a28308a1acffff,366.0
895,8a28308a1ae7fff,1051.0
896,8a28308a1aeffff,17.0
897,8a28308a1b27fff,2.0
898,8a28308a1c0ffff,21.0
899,8a28308a1c5ffff,2.0
900,8a28308a1c77fff,1.0
901,8a28308a1c97fff,8.0
902,8a28308a1caffff,5.0
903,8a28308a1d6ffff,4.0
904,8a28308a20a7fff,1.0
905,8a28308a2237fff,5.0
906,8a28308a2317fff,175.0
907,8a28308a2357fff,7.0
908,8a28308a2387fff,2.0
909,8a28308a2877fff,3.0
910,8a28308a28a7fff,12.0
911,8a28308a28affff,3.0
912,8a28308a28b7fff,4.0
913,8a28308a28e7fff,1.0
914,8a28308a28effff,2.0
915,8a28308a299ffff,8.0
916,8a28308a29affff,2.0
917,8a28308a2a8ffff,9.0
918,8a28308a2acffff,3.0
919,8a28308a2b07fff,5.0
920,8a28308a2b17fff,1124.0
921,8a28308a2b1ffff,8.0
922,8a28308a2b27fff,3.0
923,8a28308a2b37fff,3.0
924,8a28308a2b57fff,1.0
925,8a28308a2b5ffff,13.0
926,8a28308a2b87fff,2.0
927,8a28308a2baffff,2.0
928,8a28308a2bb7fff,1.0
929,8a28308a2c9ffff,2.0
930,8a28308a2d6ffff,3.0
931,8a28308a2d8ffff,30.0
932,8a28308a2db7fff,3.0
933,8a28308a300ffff,8.0
934,8a28308a3087fff,23.0
935,8a28308a308ffff,20.0
936,8a28308a309ffff,16.0
937,8a28308a30affff,79.0
938,8a28308a30b7fff,24.0
939,8a28308a30e7fff,3.0
940,8a28308a316ffff,4.0
941,8a28308a3187fff,3.0
942,8a28308a3297fff,1.0
943,8a28308a32dffff,5.0
944,8a28308a3327fff,4.0
945,8a28308a33b7fff,2.0
946,8a28308a340ffff,4.0
947,8a28308a341ffff,2.0
948,8a28308a344ffff,59.0
949,8a28308a3457fff,2.0
950,8a28308a3467fff,774.0
951,8a28308a346ffff,2.0
952,8a28308a3667fff,45.0
953,8a28308a3677fff,10.0
954,8a28308a3687fff,5.0
955,8a28308a36b7fff,16.0
956,8a28308a36c7fff,2.0
957,8a28308a36e7fff,9.0
958,8a28308a36effff,3.0
959,8a28308a3747fff,3238.0
960,8a28308a37a7fff,2.0
961,8a28308a3867fff,3.0
962,8a28308a3897fff,633.0
963,8a28308a389ffff,539.0
964,8a28308a38c7fff,5.0
965,8a28308a399ffff,12.0
966,8a28308a39a7fff,5.0
967,8a28308a3ac7fff,3.0
968,8a28308a3aeffff,2.0
969,8a28308a3b17fff,90.0
970,8a28308a3b27fff,10.0
971,8a28308a3b37fff,3.0
972,8a28308a3b67fff,2.0
973,8a28308a3ba7fff,14.0
974,8a28308a3baffff,2.0
975,8a28308a3c0ffff,10.0
976,8a28308a3c67fff,21.0
977,8a28308a3c6ffff,3.0
978,8a28308a3ce7fff,67.0
979,8a28308a3ceffff,358.0
980,8a28308a3d1ffff,5.0
981,8a28308a3d4ffff,18.0
982,8a28308a3daffff,3.0
983,8a28308a4027fff,2.0
984,8a28308a4047fff,3.0
985,8a28308a408ffff,26.0
986,8a28308a40b7fff,5.0
987,8a28308a40effff,4.0
988,8a28308a4107fff,27.0
989,8a28308a411ffff,2.0
990,8a28308a4137fff,1.0
991,8a28308a4147fff,4.0
992,8a28308a415ffff,8.0
993,8a28308a4177fff,6.0
994,8a28308a418ffff,17.0
995,8a28308a422ffff,16.0
996,8a28308a4247fff,7.0
997,8a28308a4267fff,2.0
998,8a28308a428ffff,24.0
999,8a28308a429ffff,2.0
1000,8a28308a4327fff,2.0
1001,8a28308a435ffff,4.0
1002,8a28308a442ffff,32.0
1003,8a28308a44cffff,5.0
1004,8a28308a44d7fff,1.0
1005,8a28308a44dffff,1.0
1006,8a28308a46a7fff,1.0
1007,8a28308a46b7fff,2.0
1008,8a28308a4717fff,7.0
1009,8a28308a471ffff,2.0
1010,8a28308a474ffff,6.0
1011,8a28308a475ffff,1.0
1012,8a28308a4a47fff,17.0
1013,8a28308a4a57fff,9.0
1014,8a28308a4a97fff,52.0
1015,8a28308a4a9ffff,8.0
1016,8a28308a4ab7fff,7.0
1017,8a28308a4baffff,1.0
1018,8a28308a4c0ffff,2.0
1019,8a28308a4c1ffff,2.0
1020,8a28308a4c9ffff,15.0
1021,8a28308a4cc7fff,1.0
1022,8a28308a4cdffff,11.0
1023,8a28308a4ce7fff,1.0
1024,8a28308a4ceffff,9.0
1025,8a28308a4db7fff,6.0
1026,8a28308a5027fff,1.0
1027,8a28308a502ffff,2.0
1028,8a28308a506ffff,1.0
1029,8a28308a508ffff,1.0
1030,8a28308a509ffff,18.0
1031,8a28308a50affff,10.0
1032,8a28308a525ffff,1.0
1033,8a28308a5337fff,5.0
1034,8a28308a5347fff,10.0
1035,8a28308a5417fff,3.0
1036,8a28308a5427fff,2.0
1037,8a28308a550ffff,25.0
1038,8a28308a552ffff,4.0
1039,8a28308a554ffff,17.0
1040,8a28308a5667fff,15.0
1041,8a28308a5687fff,6.0
1042,8a28308a568ffff,6.0
1043,8a28308a56dffff,1.0
1044,8a28308a582ffff,2.0
1045,8a28308a5837fff,1.0
1046,8a28308a58effff,2.0
1047,8a28308a592ffff,50.0
1048,8a28308a598ffff,2.0
1049,8a28308a5a4ffff,3.0
1050,8a28308a5a77fff,3.0
1051,8a28308a5b87fff,4.0
1052,8a28308a5bb7fff,6.0
1053,8a28308a5c07fff,164.0
1054,8a28308a5c0ffff,1.0
1055,8a28308a5c1ffff,2.0
1056,8a28308a5c37fff,18.0
1057,8a28308a5caffff,262.0
1058,8a28308a5cc7fff,15.0
1059,8a28308a5cd7fff,274.0
1060,8a28308a5cf7fff,1310.0
1061,8a28308a5d5ffff,6.0
1062,8a28308a5d67fff,1.0
1063,8a28308a6007fff,7.0
1064,8a28308a6027fff,13.0
1065,8a28308a602ffff,5.0
1066,8a28308a6047fff,52.0
1067,8a28308a604ffff,5.0
1068,8a28308a6057fff,3.0
1069,8a28308a605ffff,107.0
1070,8a28308a6077fff,5.0
1071,8a28308a60e7fff,8.0
1072,8a28308a610ffff,4.0
1073,8a28308a6117fff,17.0
1074,8a28308a611ffff,53.0
1075,8a28308a6137fff,59.0
1076,8a28308a61a7fff,2.0
1077,8a28308a6237fff,12.0
1078,8a28308a624ffff,6.0
1079,8a28308a625ffff,1.0
1080,8a28308a626ffff,126.0
1081,8a28308a6277fff,2.0
1082,8a28308a6297fff,5.0
1083,8a28308a6317fff,6.0
1084,8a28308a6327fff,339.0
1085,8a28308a6337fff,21.0
1086,8a28308a635ffff,1.0
1087,8a28308a63affff,2.0
1088,8a28308a642ffff,2.0
1089,8a28308a6467fff,73.0
1090,8a28308a64effff,2.0
1091,8a28308a650ffff,4.0
1092,8a28308a658ffff,3.0
1093,8a28308a65b7fff,4.0
1094,8a28308a672ffff,7.0
1095,8a28308a675ffff,582.0
1096,8a28308a67b7fff,492.0
1097,8a28308a6807fff,8.0
1098,8a28308a681ffff,5.0
1099,8a28308a6827fff,6.0
1100,8a28308a6847fff,3.0
1101,8a28308a686ffff,63.0
1102,8a28308a68a7fff,1.0
1103,8a28308a68b7fff,13.0
1104,8a28308a68c7fff,4.0
1105,8a28308a68d7fff,1.0
1106,8a28308a68e7fff,5.0
1107,8a28308a6907fff,5.0
1108,8a28308a690ffff,9.0
1109,8a28308a6917fff,78.0
1110,8a28308a691ffff,22.0
1111,8a28308a6937fff,4.0
1112,8a28308a694ffff,3.0
1113,8a28308a695ffff,10.0
1114,8a28308a6977fff,3.0
1115,8a28308a6987fff,22.0
1116,8a28308a6997fff,252.0
1117,8a28308a69a7fff,6.0
1118,8a28308a69b7fff,1.0
1119,8a28308a6a07fff,2.0
1120,8a28308a6a37fff,2.0
1121,8a28308a6a47fff,457.0
1122,8a28308a6a97fff,1.0
1123,8a28308a6b1ffff,15.0
1124,8a28308a6b27fff,20.0
1125,8a28308a6b2ffff,8.0
1126,8a28308a6c37fff,2.0
1127,8a28308a6c4ffff,8.0
1128,8a28308a8007fff,112.0
1129,8a28308a8017fff,4.0
1130,8a28308a8027fff,2.0
1131,8a28308a802ffff,10.0
1132,8a28308a8037fff,83.0
1133,8a28308a805ffff,10.0
1134,8a28308a806ffff,149.0
1135,8a28308a8087fff,89.0
1136,8a28308a808ffff,15.0
1137,8a28308a8097fff,5.0
1138,8a28308a809ffff,7.0
1139,8a28308a80b7fff,3.0
1140,8a28308a80c7fff,2.0
1141,8a28308a80dffff,1.0
1142,8a28308a8107fff,6.0
1143,8a28308a811ffff,5.0
1144,8a28308a812ffff,6.0
1145,8a28308a8147fff,13.0
1146,8a28308a8157fff,10.0
1147,8a28308a815ffff,104.0
1148,8a28308a816ffff,13.0
1149,8a28308a8187fff,1.0
1150,8a28308a818ffff,77.0
1151,8a28308a819ffff,6.0
1152,8a28308a8207fff,3.0
1153,8a28308a820ffff,22.0
1154,8a28308a8217fff,21.0
1155,8a28308a821ffff,57.0
1156,8a28308a8227fff,8.0
1157,8a28308a822ffff,3.0
1158,8a28308a8237fff,6.0
1159,8a28308a8247fff,205.0
1160,8a28308a824ffff,41.0
1161,8a28308a8257fff,6.0
1162,8a28308a825ffff,125.0
1163,8a28308a8267fff,34.0
1164,8a28308a826ffff,1152.0
1165,8a28308a8277fff,33.0
1166,8a28308a8287fff,36.0
1167,8a28308a828ffff,3.0
1168,8a28308a829ffff,34.0
1169,8a28308a82a7fff,14.0
1170,8a28308a82affff,10.0
1171,8a28308a82c7fff,44.0
1172,8a28308a82cffff,244.0
1173,8a28308a82d7fff,89.0
1174,8a28308a82e7fff,117.0
1175,8a28308a82effff,51.0
1176,8a28308a82f7fff,23.0
1177,8a28308a8317fff,6.0
1178,8a28308a832ffff,5.0
1179,8a28308a8337fff,5.0
1180,8a28308a8347fff,1.0
1181,8a28308a8357fff,20.0
1182,8a28308a835ffff,373.0
1183,8a28308a8367fff,18.0
1184,8a28308a836ffff,4.0
1185,8a28308a8387fff,30.0
1186,8a28308a838ffff,3.0
1187,8a28308a839ffff,6.0
1188,8a28308a83a7fff,6.0
1189,8a28308a840ffff,2230.0
1190,8a28308a8417fff,9.0
1191,8a28308a841ffff,13.0
1192,8a28308a842ffff,5.0
1193,8a28308a8437fff,5188.0
1194,8a28308a8447fff,4.0
1195,8a28308a844ffff,4.0
1196,8a28308a8457fff,1.0
1197,8a28308a845ffff,5.0
1198,8a28308a8497fff,23.0
1199,8a28308a849ffff,3.0
1200,8a28308a84a7fff,7.0
1201,8a28308a84b7fff,2.0
1202,8a28308a84cffff,1.0
1203,8a28308a84e7fff,13.0
1204,8a28308a84f7fff,45.0
1205,8a28308a850ffff,3.0
1206,8a28308a851ffff,3.0
1207,8a28308a852ffff,1.0
1208,8a28308a8547fff,12.0
1209,8a28308a854ffff,63.0
1210,8a28308a8567fff,4.0
1211,8a28308a856ffff,102.0
1212,8a28308a8577fff,2.0
1213,8a28308a859ffff,5.0
1214,8a28308a8607fff,13.0
1215,8a28308a860ffff,33.0
1216,8a28308a8647fff,9.0
1217,8a28308a8667fff,17.0
1218,8a28308a8677fff,18.0
1219,8a28308a871ffff,3.0
1220,8a28308a8737fff,24.0
1221,8a28308a8747fff,2.0
1222,8a28308a8757fff,4.0
1223,8a28308a875ffff,6.0
1224,8a28308a876ffff,3.0
1225,8a28308a8777fff,3.0
1226,8a28308a880ffff,410.0
1227,8a28308a8827fff,3.0
1228,8a28308a882ffff,5.0
1229,8a28308a8837fff,13.0
1230,8a28308a8857fff,2.0
1231,8a28308a8867fff,4.0
1232,8a28308a8877fff,27.0
1233,8a28308a88affff,8.0
1234,8a28308a88dffff,39.0
1235,8a28308a890ffff,8.0
1236,8a28308a8927fff,1.0
1237,8a28308a892ffff,15.0
1238,8a28308a8947fff,61.0
1239,8a28308a894ffff,6.0
1240,8a28308a8957fff,6.0
1241,8a28308a895ffff,105.0
1242,8a28308a896ffff,25.0
1243,8a28308a8977fff,1.0
1244,8a28308a8987fff,15.0
1245,8a28308a8997fff,30.0
1246,8a28308a89a7fff,237.0
1247,8a28308a89affff,22.0
1248,8a28308a89b7fff,5.0
1249,8a28308a8a0ffff,2.0
1250,8a28308a8a17fff,2.0
1251,8a28308a8a27fff,3.0
1252,8a28308a8a37fff,4.0
1253,8a28308a8a47fff,7.0
1254,8a28308a8a57fff,3.0
1255,8a28308a8a5ffff,1.0
1256,8a28308a8a67fff,196.0
1257,8a28308a8a6ffff,2.0
1258,8a28308a8a77fff,13.0
1259,8a28308a8a8ffff,5.0
1260,8a28308a8a97fff,6.0
1261,8a28308a8adffff,6.0
1262,8a28308a8ae7fff,3.0
1263,8a28308a8b0ffff,324.0
1264,8a28308a8b17fff,11.0
1265,8a28308a8b27fff,18.0
1266,8a28308a8b37fff,3.0
1267,8a28308a8b47fff,2.0
1268,8a28308a8b4ffff,2.0
1269,8a28308a8b57fff,90.0
1270,8a28308a8b5ffff,3.0
1271,8a28308a8b77fff,4.0
1272,8a28308a8b8ffff,863.0
1273,8a28308a8b97fff,286.0
1274,8a28308a8b9ffff,4.0
1275,8a28308a8baffff,25.0
1276,8a28308a8bb7fff,24.0
1277,8a28308a8c0ffff,3.0
1278,8a28308a8c17fff,25.0
1279,8a28308a8c27fff,8.0
1280,8a28308a8c97fff,93.0
1281,8a28308a8c9ffff,2.0
1282,8a28308a8ca7fff,1.0
1283,8a28308a8cc7fff,42.0
1284,8a28308a8ccffff,5.0
1285,8a28308a8cdffff,17.0
1286,8a28308a8ce7fff,1.0
1287,8a28308a8d2ffff,50.0
1288,8a28308a8d57fff,18.0
1289,8a28308a8d67fff,4.0
1290,8a28308a8d6ffff,20.0
1291,8a28308a8da7fff,12.0
1292,8a28308a900ffff,4.0
1293,8a28308a901ffff,164.0
1294,8a28308a9027fff,40.0
1295,8a28308a902ffff,7.0
1296,8a28308a9037fff,12.0
1297,8a28308a9047fff,51.0
1298,8a28308a904ffff,149.0
1299,8a28308a9057fff,22.0
1300,8a28308a905ffff,10.0
1301,8a28308a9067fff,14.0
1302,8a28308a90a7fff,6.0
1303,8a28308a90c7fff,3.0
1304,8a28308a90cffff,6.0
1305,8a28308a90d7fff,30.0
1306,8a28308a90dffff,21.0
1307,8a28308a90f7fff,8.0
1308,8a28308a9107fff,10.0
1309,8a28308a910ffff,9.0
1310,8a28308a911ffff,4.0
1311,8a28308a912ffff,6.0
1312,8a28308a9137fff,60.0
1313,8a28308a9147fff,30.0
1314,8a28308a914ffff,169.0
1315,8a28308a9157fff,16.0
1316,8a28308a915ffff,22.0
1317,8a28308a9167fff,1.0
1318,8a28308a916ffff,7.0
1319,8a28308a9177fff,8.0
1320,8a28308a918ffff,37.0
1321,8a28308a919ffff,15.0
1322,8a28308a91a7fff,1240.0
1323,8a28308a91affff,9.0
1324,8a28308a91b7fff,10.0
1325,8a28308a921ffff,36.0
1326,8a28308a922ffff,5.0
1327,8a28308a9247fff,24.0
1328,8a28308a9257fff,3.0
1329,8a28308a9267fff,420.0
1330,8a28308a926ffff,103.0
1331,8a28308a9277fff,24.0
1332,8a28308a929ffff,3.0
1333,8a28308a92affff,3.0
1334,8a28308a92c7fff,1.0
1335,8a28308a92cffff,11.0
1336,8a28308a92dffff,3.0
1337,8a28308a92e7fff,2.0
1338,8a28308a92f7fff,1.0
1339,8a28308a9307fff,4.0
1340,8a28308a930ffff,10.0
1341,8a28308a9317fff,5.0
1342,8a28308a932ffff,1.0
1343,8a28308a9337fff,13.0
1344,8a28308a9347fff,12.0
1345,8a28308a934ffff,16.0
1346,8a28308a9357fff,28.0
1347,8a28308a9367fff,204.0
1348,8a28308a936ffff,25.0
1349,8a28308a938ffff,1.0
1350,8a28308a9397fff,21.0
1351,8a28308a939ffff,1.0
1352,8a28308a93a7fff,53.0
1353,8a28308a93affff,6.0
1354,8a28308a942ffff,20.0
1355,8a28308a948ffff,57.0
1356,8a28308a94affff,1.0
1357,8a28308a94b7fff,4.0
1358,8a28308a94c7fff,61.0
1359,8a28308a94cffff,18.0
1360,8a28308a94d7fff,7.0
1361,8a28308a94effff,3.0
1362,8a28308a9507fff,8.0
1363,8a28308a9517fff,7.0
1364,8a28308a951ffff,1.0
1365,8a28308a9537fff,70.0
1366,8a28308a9567fff,3.0
1367,8a28308a956ffff,1191.0
1368,8a28308a9577fff,5.0
1369,8a28308a958ffff,2.0
1370,8a28308a959ffff,3.0
1371,8a28308a95a7fff,7.0
1372,8a28308a95affff,4.0
1373,8a28308a95b7fff,25.0
1374,8a28308a9607fff,5.0
1375,8a28308a9617fff,1.0
1376,8a28308a962ffff,14.0
1377,8a28308a9637fff,23.0
1378,8a28308a9647fff,7.0
1379,8a28308a964ffff,6.0
1380,8a28308a965ffff,21.0
1381,8a28308a966ffff,18.0
1382,8a28308a9677fff,156.0
1383,8a28308a9687fff,52.0
1384,8a28308a9697fff,884.0
1385,8a28308a969ffff,23.0
1386,8a28308a96a7fff,3.0
1387,8a28308a96affff,16.0
1388,8a28308a96b7fff,39.0
1389,8a28308a96d7fff,3.0
1390,8a28308a96e7fff,6.0
1391,8a28308a9707fff,7.0
1392,8a28308a970ffff,20.0
1393,8a28308a9717fff,2.0
1394,8a28308a972ffff,19.0
1395,8a28308a9757fff,242.0
1396,8a28308a9777fff,14.0
1397,8a28308a9787fff,1.0
1398,8a28308a9797fff,6.0
1399,8a28308a97a7fff,15.0
1400,8a28308a97affff,190.0
1401,8a28308a97b7fff,1.0
1402,8a28308a9807fff,6.0
1403,8a28308a9827fff,3.0
1404,8a28308a9847fff,6.0
1405,8a28308a984ffff,22.0
1406,8a28308a985ffff,56.0
1407,8a28308a9867fff,8.0
1408,8a28308a986ffff,514.0
1409,8a28308a9877fff,4.0
1410,8a28308a988ffff,329.0
1411,8a28308a9897fff,73.0
1412,8a28308a989ffff,34.0
1413,8a28308a98b7fff,2.0
1414,8a28308a98c7fff,5.0
1415,8a28308a98cffff,12.0
1416,8a28308a98d7fff,15.0
1417,8a28308a98dffff,33.0
1418,8a28308a98effff,1.0
1419,8a28308a98f7fff,4.0
1420,8a28308a990ffff,46.0
1421,8a28308a9957fff,3.0
1422,8a28308a9967fff,8.0
1423,8a28308a996ffff,50.0
1424,8a28308a9977fff,102.0
1425,8a28308a9997fff,432.0
1426,8a28308a999ffff,6.0
1427,8a28308a99a7fff,40.0
1428,8a28308a99affff,59.0
1429,8a28308a99b7fff,15.0
1430,8a28308a9a07fff,12.0
1431,8a28308a9a17fff,27.0
1432,8a28308a9a1ffff,22.0
1433,8a28308a9a27fff,146.0
1434,8a28308a9a2ffff,3.0
1435,8a28308a9a37fff,30.0
1436,8a28308a9a47fff,9.0
1437,8a28308a9a97fff,61.0
1438,8a28308a9a9ffff,5.0
1439,8a28308a9aaffff,54.0
1440,8a28308a9ab7fff,46.0
1441,8a28308a9ac7fff,108.0
1442,8a28308a9ad7fff,19.0
1443,8a28308a9adffff,695.0
1444,8a28308a9ae7fff,63.0
1445,8a28308a9af7fff,29.0
1446,8a28308a9b07fff,16.0
1447,8a28308a9b0ffff,3.0
1448,8a28308a9b1ffff,2.0
1449,8a28308a9b2ffff,1.0
1450,8a28308a9b37fff,554.0
1451,8a28308a9b47fff,3.0
1452,8a28308a9b57fff,452.0
1453,8a28308a9b67fff,1.0
1454,8a28308a9b6ffff,6.0
1455,8a28308a9b77fff,76.0
1456,8a28308a9b87fff,19.0
1457,8a28308a9b8ffff,156.0
1458,8a28308a9b97fff,6.0
1459,8a28308a9baffff,13.0
1460,8a28308a9bb7fff,22.0
1461,8a28308a9c0ffff,2.0
1462,8a28308a9c4ffff,76.0
1463,8a28308a9c57fff,4.0
1464,8a28308a9c6ffff,7.0
1465,8a28308a9c77fff,2.0
1466,8a28308a9c87fff,1.0
1467,8a28308a9c97fff,3.0
1468,8a28308a9c9ffff,5.0
1469,8a28308a9caffff,4.0
1470,8a28308a9cc7fff,1.0
1471,8a28308a9ccffff,6.0
1472,8a28308a9ceffff,9.0
1473,8a28308a9cf7fff,98.0
1474,8a28308a9d27fff,3.0
1475,8a28308a9d2ffff,9.0
1476,8a28308a9d4ffff,2.0
1477,8a28308a9d67fff,2.0
1478,8a28308a9d6ffff,140.0
1479,8a28308a9d77fff,3.0
1480,8a28308a9d97fff,3.0
1481,8a28308a9da7fff,1.0
1482,8a28308a9db7fff,10.0
1483,8a28308aa05ffff,16.0
1484,8a28308aa067fff,1.0
1485,8a28308aa097fff,3.0
1486,8a28308aa0a7fff,2.0
1487,8a28308aa0affff,1.0
1488,8a28308aa0b7fff,9.0
1489,8a28308aa0dffff,2.0
1490,8a28308aa0e7fff,60.0
1491,8a28308aa12ffff,511.0
1492,8a28308aa137fff,4.0
1493,8a28308aa207fff,2.0
1494,8a28308aa26ffff,8.0
1495,8a28308aa2affff,3.0
1496,8a28308aa35ffff,6.0
1497,8a28308aa39ffff,12.0
1498,8a28308aa3a7fff,2.0
1499,8a28308aa3b7fff,4.0
1500,8a28308aa44ffff,19.0
1501,8a28308aa467fff,3.0
1502,8a28308aa46ffff,19.0
1503,8a28308aa4a7fff,1.0
1504,8a28308aa4affff,4.0
1505,8a28308aa507fff,54.0
1506,8a28308aa50ffff,11.0
1507,8a28308aa547fff,1.0
1508,8a28308aa54ffff,5.0
1509,8a28308aa55ffff,6.0
1510,8a28308aa627fff,2.0
1511,8a28308aa62ffff,1.0
1512,8a28308aa637fff,14.0
1513,8a28308aa667fff,271.0
1514,8a28308aa70ffff,2.0
1515,8a28308aa717fff,2659.0
1516,8a28308aa72ffff,5.0
1517,8a28308aa737fff,10.0
1518,8a28308aa78ffff,1.0
1519,8a28308aa7a7fff,1.0
1520,8a28308aa827fff,1.0
1521,8a28308aa837fff,20.0
1522,8a28308aa867fff,15.0
1523,8a28308aa91ffff,1.0
1524,8a28308aa95ffff,1.0
1525,8a28308aaa07fff,26.0
1526,8a28308aaa0ffff,25.0
1527,8a28308aaa27fff,663.0
1528,8a28308aaa2ffff,16.0
1529,8a28308aaa37fff,5.0
1530,8a28308aaa77fff,6.0
1531,8a28308aab07fff,2.0
1532,8a28308aab17fff,1.0
1533,8a28308aab1ffff,1.0
1534,8a28308aab2ffff,728.0
1535,8a28308aab67fff,5.0
1536,8a28308aabaffff,2.0
1537,8a28308aacaffff,1.0
1538,8a28308aacc7fff,1.0
1539,8a28308aaccffff,21.0
1540,8a28308aaceffff,2.0
1541,8a28308aad47fff,128.0
1542,8a28308aad57fff,5.0
1543,8a28308ab12ffff,8.0
1544,8a28308ab147fff,7.0
1545,8a28308ab157fff,27.0
1546,8a28308ab80ffff,5.0
1547,8a28308ab84ffff,1.0
1548,8a28308ab88ffff,9.0
1549,8a28308ab8dffff,33.0
1550,8a28308ab8e7fff,12.0
1551,8a28308ab90ffff,8.0
1552,8a28308ab947fff,14.0
1553,8a28308ab94ffff,4.0
1554,8a28308ab957fff,6.0
1555,8a28308ab977fff,1.0
1556,8a28308ab98ffff,1.0
1557,8a28308ab9a7fff,2696.0
1558,8a28308aba0ffff,10.0
1559,8a28308aba17fff,327.0
1560,8a28308aba1ffff,193.0
1561,8a28308aba27fff,3.0
1562,8a28308aba37fff,3.0
1563,8a28308aba67fff,1.0
1564,8a28308aba6ffff,225.0
1565,8a28308abaa7fff,1.0
1566,8a28308abaaffff,8.0
1567,8a28308abb07fff,4.0
1568,8a28308abb0ffff,94.0
1569,8a28308abb2ffff,53.0
1570,8a28308abb37fff,2.0
1571,8a28308abb47fff,1.0
1572,8a28308abb67fff,7.0
1573,8a28308abb77fff,1.0
1574,8a28308abc07fff,7.0
1575,8a28308abc37fff,4.0
1576,8a28308abc47fff,1.0
1577,8a28308abc4ffff,12.0
1578,8a28308abc67fff,5.0
1579,8a28308abc6ffff,1.0
1580,8a28308abc87fff,25.0
1581,8a28308abc9ffff,6.0
1582,8a28308abcaffff,5.0
1583,8a28308abcc7fff,2.0
1584,8a28308abcf7fff,33.0
1585,8a28308abd5ffff,3.0
1586,8a28308abd97fff,4.0
1587,8a28308abdaffff,10.0
1588,8a28308ac007fff,5.0
1589,8a28308ac01ffff,5.0
1590,8a28308ac027fff,6.0
1591,8a28308ac037fff,2.0
1592,8a28308ac047fff,3.0
1593,8a28308ac067fff,72.0
1594,8a28308ac0c7fff,3.0
1595,8a28308ac0effff,18.0
1596,8a28308ac177fff,4.0
1597,8a28308ac187fff,4.0
1598,8a28308ac18ffff,3.0
1599,8a28308ac227fff,10.0
1600,8a28308ac247fff,2.0
1601,8a28308ac24ffff,6.0
1602,8a28308ac26ffff,29.0
1603,8a28308ac287fff,46.0
1604,8a28308ac28ffff,12.0
1605,8a28308ac297fff,7.0
1606,8a28308ac2c7fff,12.0
1607,8a28308ac2dffff,2.0
1608,8a28308ac2e7fff,27.0
1609,8a28308ac2f7fff,8.0
1610,8a28308ac307fff,2.0
1611,8a28308ac357fff,8.0
1612,8a28308ac36ffff,2.0
1613,8a28308ac387fff,3.0
1614,8a28308ac397fff,7.0
1615,8a28308ac3b7fff,2.0
1616,8a28308ac41ffff,2.0
1617,8a28308ac447fff,188.0
1618,8a28308ac467fff,2.0
1619,8a28308ac477fff,330.0
1620,8a28308ac4affff,1.0
1621,8a28308ac4c7fff,227.0
1622,8a28308ac4e7fff,9.0
1623,8a28308ac4f7fff,1.0
1624,8a28308ac54ffff,4.0
1625,8a28308ac55ffff,180.0
1626,8a28308ac59ffff,10.0
1627,8a28308ac637fff,226.0
1628,8a28308ac64ffff,2.0
1629,8a28308ac677fff,41.0
1630,8a28308ac687fff,6.0
1631,8a28308ac6c7fff,1.0
1632,8a28308ac6cffff,12.0
1633,8a28308ac6d7fff,3.0
1634,8a28308ac6dffff,245.0
1635,8a28308ac70ffff,59.0
1636,8a28308ac71ffff,115.0
1637,8a28308ac72ffff,5.0
1638,8a28308ac747fff,5.0
1639,8a28308ac767fff,85.0
1640,8a28308ac777fff,186.0
1641,8a28308ac787fff,16.0
1642,8a28308ac79ffff,11.0
1643,8a28308ac7b7fff,10.0
1644,8a28308ac827fff,4.0
1645,8a28308ac82ffff,83.0
1646,8a28308ac84ffff,4.0
1647,8a28308ac897fff,21.0
1648,8a28308ac8a7fff,15.0
1649,8a28308ac8d7fff,38.0
1650,8a28308ac90ffff,1.0
1651,8a28308ac927fff,3.0
1652,8a28308ac937fff,27.0
1653,8a28308ac957fff,8.0
1654,8a28308ac997fff,204.0
1655,8a28308ac99ffff,23.0
1656,8a28308aca37fff,18.0
1657,8a28308aca87fff,56.0
1658,8a28308aca8ffff,2.0
1659,8a28308aca9ffff,12.0
1660,8a28308acac7fff,1.0
1661,8a28308acb1ffff,18.0
1662,8a28308acb4ffff,12.0
1663,8a28308acb87fff,21.0
1664,8a28308acbb7fff,6.0
1665,8a28308acc0ffff,4.0
1666,8a28308acc27fff,296.0
1667,8a28308acc4ffff,478.0
1668,8a28308accc7fff,8.0
1669,8a28308acceffff,75.0
1670,8a28308acd27fff,4.0
1671,8a28308acd5ffff,4.0
1672,8a28308acd67fff,6.0
1673,8a28308acd6ffff,32.0
1674,8a28308acd97fff,19.0
1675,8a28308acda7fff,3259.0
1676,8a28308acdaffff,465.0
1677,8a28308acdb7fff,3.0
1678,8a28308ad00ffff,14.0
1679,8a28308ad027fff,34.0
1680,8a28308ad0c7fff,12.0
1681,8a28308ad0d7fff,1.0
1682,8a28308ad0f7fff,1.0
1683,8a28308ad12ffff,50.0
1684,8a28308ad177fff,1.0
1685,8a28308ad1a7fff,1.0
1686,8a28308ad217fff,26.0
1687,8a28308ad227fff,8.0
1688,8a28308ad22ffff,2.0
1689,8a28308ad247fff,1375.0
1690,8a28308ad257fff,7.0
1691,8a28308ad26ffff,14.0
1692,8a28308ad297fff,5.0
1693,8a28308ad2b7fff,2.0
1694,8a28308ad2d7fff,16.0
1695,8a28308ad2e7fff,1.0
1696,8a28308ad2effff,16.0
1697,8a28308ad30ffff,225.0
1698,8a28308ad31ffff,6.0
1699,8a28308ad357fff,13.0
1700,8a28308ad35ffff,4.0
1701,8a28308ad367fff,5.0
1702,8a28308ad387fff,2.0
1703,8a28308ad3b7fff,2.0
1704,8a28308ad40ffff,7.0
1705,8a28308ad417fff,2.0
1706,8a28308ad41ffff,3.0
1707,8a28308ad42ffff,1.0
1708,8a28308ad437fff,9.0
1709,8a28308ad45ffff,3.0
1710,8a28308ad487fff,1.0
1711,8a28308ad4a7fff,2.0
1712,8a28308ad4affff,1.0
1713,8a28308ad4cffff,31.0
1714,8a28308ad4dffff,1.0
1715,8a28308ad4effff,8.0
1716,8a28308ad587fff,1795.0
1717,8a28308ad58ffff,7.0
1718,8a28308ad597fff,2429.0
1719,8a28308ad5a7fff,2.0
1720,8a28308ad5b7fff,5.0
1721,8a28308ad607fff,2.0
1722,8a28308ad60ffff,6.0
1723,8a28308ad617fff,7.0
1724,8a28308ad61ffff,44.0
1725,8a28308ad627fff,5.0
1726,8a28308ad62ffff,19.0
1727,8a28308ad637fff,54.0
1728,8a28308ad64ffff,1.0
1729,8a28308ad65ffff,3.0
1730,8a28308ad667fff,4.0
1731,8a28308ad687fff,7.0
1732,8a28308ad68ffff,13.0
1733,8a28308ad6c7fff,5.0
1734,8a28308ad727fff,7.0
1735,8a28308ad74ffff,289.0
1736,8a28308ad767fff,1.0
1737,8a28308ad7a7fff,21.0
1738,8a28308ad7affff,7.0
1739,8a28308ad7b7fff,7.0
1740,8a28308ad867fff,12.0
1741,8a28308ad94ffff,2.0
1742,8a28308ad997fff,4.0
1743,8a28308adab7fff,2.0
1744,8a28308adadffff,29.0
1745,8a28308adb77fff,3.0
1746,8a28308adc1ffff,41.0
1747,8a28308adc27fff,7.0
1748,8a28308adc37fff,4.0
1749,8a28308adc67fff,2.0
1750,8a28308adc87fff,3.0
1751,8a28308adca7fff,4.0
1752,8a28308adcaffff,214.0
1753,8a28308adce7fff,2.0
1754,8a28308adcf7fff,9.0
1755,8a28308add07fff,11.0
1756,8a28308add47fff,1.0
1757,8a28308add87fff,4.0
1758,8a28308add9ffff,292.0
1759,8a28308addaffff,16.0
1760,8a28308ae027fff,103.0
1761,8a28308ae02ffff,1.0
1762,8a28308ae037fff,8.0
1763,8a28308ae047fff,10.0
1764,8a28308ae0f7fff,18.0
1765,8a28308ae11ffff,478.0
1766,8a28308ae12ffff,1.0
1767,8a28308ae277fff,2.0
1768,8a28308ae2b7fff,1.0
1769,8a28308ae2dffff,2.0
1770,8a28308ae30ffff,5.0
1771,8a28308ae337fff,1.0
1772,8a28308ae35ffff,4.0
1773,8a28308ae3affff,60.0
1774,8a28308ae4cffff,2.0
1775,8a28308ae55ffff,2.0
1776,8a28308ae5b7fff,3.0
1777,8a28308ae607fff,8.0
1778,8a28308ae617fff,150.0
1779,8a28308ae61ffff,1.0
1780,8a28308ae62ffff,4.0
1781,8a28308ae6b7fff,1.0
1782,8a28308ae72ffff,4.0
1783,8a28308ae74ffff,6.0
1784,8a28308ae797fff,4.0
1785,8a28308ae807fff,24.0
1786,8a28308ae80ffff,8.0
1787,8a28308ae81ffff,3.0
1788,8a28308ae827fff,2.0
1789,8a28308ae82ffff,5670.0
1790,8a28308ae84ffff,2.0
1791,8a28308ae857fff,1.0
1792,8a28308ae85ffff,1.0
1793,8a28308ae867fff,3.0
1794,8a28308ae877fff,17.0
1795,8a28308ae88ffff,18.0
1796,8a28308ae90ffff,7.0
1797,8a28308ae917fff,33.0
1798,8a28308ae91ffff,18.0
1799,8a28308ae94ffff,2.0
1800,8a28308ae967fff,11.0
1801,8a28308ae977fff,15.0
1802,8a28308ae9b7fff,7.0
1803,8a28308aea4ffff,43.0
1804,8a28308aea6ffff,11.0
1805,8a28308aea8ffff,3.0
1806,8a28308aead7fff,3.0
1807,8a28308aeb47fff,24.0
1808,8a28308aeb9ffff,2.0
1809,8a28308aec47fff,8.0
1810,8a28308aec77fff,21.0
1811,8a28308b0017fff,24.0
1812,8a28308b001ffff,116.0
1813,8a28308b0027fff,3.0
1814,8a28308b0037fff,2.0
1815,8a28308b0057fff,13.0
1816,8a28308b006ffff,1.0
1817,8a28308b00a7fff,9.0
1818,8a28308b00b7fff,12.0
1819,8a28308b00cffff,1.0
1820,8a28308b0127fff,31.0
1821,8a28308b012ffff,9.0
1822,8a28308b0137fff,9.0
1823,8a28308b019ffff,3.0
1824,8a28308b0207fff,8.0
1825,8a28308b025ffff,3.0
1826,8a28308b0287fff,2.0
1827,8a28308b02e7fff,3.0
1828,8a28308b04affff,4.0
1829,8a28308b0547fff,4.0
1830,8a28308b0557fff,7.0
1831,8a28308b062ffff,6.0
1832,8a28308b0677fff,1.0
1833,8a28308b071ffff,3.0
1834,8a28308b075ffff,8.0
1835,8a28308b07affff,207.0
1836,8a28308b081ffff,33.0
1837,8a28308b086ffff,20.0
1838,8a28308b088ffff,11.0
1839,8a28308b089ffff,4.0
1840,8a28308b08a7fff,3.0
1841,8a28308b08c7fff,456.0
1842,8a28308b08d7fff,48.0
1843,8a28308b08f7fff,9.0
1844,8a28308b0907fff,2.0
1845,8a28308b090ffff,22.0
1846,8a28308b091ffff,1.0
1847,8a28308b0937fff,1.0
1848,8a28308b094ffff,32.0
1849,8a28308b0957fff,2.0
1850,8a28308b09a7fff,21.0
1851,8a28308b09affff,1.0
1852,8a28308b0a07fff,44.0
1853,8a28308b0a0ffff,6.0
1854,8a28308b0a17fff,46.0
1855,8a28308b0a37fff,31.0
1856,8a28308b0a4ffff,25.0
1857,8a28308b0a57fff,2.0
1858,8a28308b0a77fff,57.0
1859,8a28308b0af7fff,48.0
1860,8a28308b0b07fff,3.0
1861,8a28308b0b2ffff,4.0
1862,8a28308b0baffff,3.0
1863,8a28308b0c5ffff,7.0
1864,8a28308b0c77fff,2.0
1865,8a28308b0d57fff,2.0
1866,8a28308b0d77fff,1.0
1867,8a28308b0db7fff,5.0
1868,8a28308b1057fff,2.0
1869,8a28308b115ffff,28.0
1870,8a28308b1307fff,3.0
1871,8a28308b144ffff,2.0
1872,8a28308b1557fff,3.0
1873,8a28308b1597fff,5.0
1874,8a28308b16f7fff,8.0
1875,8a28308b1747fff,6.0
1876,8a28308b1757fff,18.0
1877,8a28308b175ffff,3.0
1878,8a28308b189ffff,1.0
1879,8a28308b18cffff,7.0
1880,8a28308b199ffff,2.0
1881,8a28308b1a97fff,6.0
1882,8a28308b1b87fff,5.0
1883,8a28308b1b9ffff,6.0
1884,8a28308b1baffff,2.0
1885,8a28308b1bb7fff,2.0
1886,8a28308b1ccffff,25.0
1887,8a28308b1d07fff,1.0
1888,8a28308b1d1ffff,2.0
1889,8a28308b1d37fff,17.0
1890,8a28308b1d67fff,2.0
1891,8a28308b1d6ffff,90.0
1892,8a28308b1daffff,27.0
1893,8a28308b1db7fff,2.0
1894,8a28308b2367fff,12.0
1895,8a28308b2aeffff,2.0
1896,8a28308b2b4ffff,15.0
1897,8a28308b3017fff,8.0
1898,8a28308b302ffff,27.0
1899,8a28308b3037fff,1.0
1900,8a28308b3087fff,20.0
1901,8a28308b308ffff,21.0
1902,8a28308b3097fff,1.0
1903,8a28308b309ffff,3.0
1904,8a28308b30a7fff,9.0
1905,8a28308b30affff,11.0
1906,8a28308b30c7fff,5.0
1907,8a28308b30cffff,4.0
1908,8a28308b30d7fff,116.0
1909,8a28308b30dffff,867.0
1910,8a28308b3107fff,4.0
1911,8a28308b3117fff,2.0
1912,8a28308b311ffff,8.0
1913,8a28308b3127fff,10.0
1914,8a28308b312ffff,2.0
1915,8a28308b316ffff,15.0
1916,8a28308b318ffff,67.0
1917,8a28308b319ffff,52.0
1918,8a28308b31a7fff,3.0
1919,8a28308b31b7fff,3.0
1920,8a28308b320ffff,1.0
1921,8a28308b3287fff,26.0
1922,8a28308b328ffff,2.0
1923,8a28308b3297fff,5.0
1924,8a28308b329ffff,11.0
1925,8a28308b32a7fff,18.0
1926,8a28308b32b7fff,20.0
1927,8a28308b32cffff,4.0
1928,8a28308b32d7fff,27.0
1929,8a28308b3317fff,3.0
1930,8a28308b3347fff,1.0
1931,8a28308b339ffff,2.0
1932,8a28308b3447fff,23.0
1933,8a28308b352ffff,8.0
1934,8a28308b355ffff,12.0
1935,8a28308b361ffff,5.0
1936,8a28308b3647fff,2.0
1937,8a28308b364ffff,1.0
1938,8a28308b366ffff,5.0
1939,8a28308b3677fff,43.0
1940,8a28308b36a7fff,1.0
1941,8a28308b36affff,6.0
1942,8a28308b3707fff,78.0
1943,8a28308b370ffff,285.0
1944,8a28308b371ffff,2.0
1945,8a28308b3727fff,101.0
1946,8a28308b372ffff,621.0
1947,8a28308b3757fff,2.0
1948,8a28308b3767fff,13.0
1949,8a28308b3777fff,13.0
1950,8a28308b37a7fff,8.0
1951,8a28308b381ffff,8.0
1952,8a28308b3847fff,13.0
1953,8a28308b3867fff,2.0
1954,8a28308b3897fff,10.0
1955,8a28308b38c7fff,8.0
1956,8a28308b38d7fff,3.0
1957,8a28308b38effff,1015.0
1958,8a28308b390ffff,2.0
1959,8a28308b3937fff,6.0
1960,8a28308b3967fff,8.0
1961,8a28308b3997fff,3.0
1962,8a28308b399ffff,19.0
1963,8a28308b39b7fff,5.0
1964,8a28308b3a0ffff,3.0
1965,8a28308b3b07fff,139.0
1966,8a28308b3bb7fff,2.0
1967,8a28308b3c27fff,14.0
1968,8a28308b3c47fff,2.0
1969,8a28308b3c4ffff,47.0
1970,8a28308b3c67fff,11.0
1971,8a28308b3c6ffff,6.0
1972,8a28308b3d47fff,2.0
1973,8a28308b3d67fff,4.0
1974,8a28308b3d6ffff,6.0
1975,8a28308b3daffff,1.0
1976,8a28308b401ffff,10.0
1977,8a28308b4037fff,1.0
1978,8a28308b409ffff,48.0
1979,8a28308b40b7fff,18.0
1980,8a28308b4187fff,2.0
1981,8a28308b4217fff,1.0
1982,8a28308b421ffff,2.0
1983,8a28308b4287fff,2.0
1984,8a28308b428ffff,10.0
1985,8a28308b4297fff,1.0
1986,8a28308b42a7fff,3.0
1987,8a28308b42affff,27.0
1988,8a28308b42d7fff,7.0
1989,8a28308b430ffff,3.0
1990,8a28308b431ffff,4.0
1991,8a28308b4347fff,4.0
1992,8a28308b434ffff,34.0
1993,8a28308b4357fff,1.0
1994,8a28308b4367fff,8.0
1995,8a28308b436ffff,35.0
1996,8a28308b4397fff,14.0
1997,8a28308b439ffff,25.0
1998,8a28308b43a7fff,1.0
1999,8a28308b43b7fff,19.0
2000,8a28308b4407fff,80.0
2001,8a28308b4437fff,10.0
2002,8a28308b44affff,11.0
2003,8a28308b44cffff,58.0
2004,8a28308b4527fff,12.0
2005,8a28308b4567fff,1.0
2006,8a28308b462ffff,6.0
2007,8a28308b4667fff,7.0
2008,8a28308b469ffff,22.0
2009,8a28308b46cffff,1.0
2010,8a28308b4717fff,19.0
2011,8a28308b471ffff,3.0
2012,8a28308b476ffff,1.0
2013,8a28308b4827fff,435.0
2014,8a28308b4877fff,2.0
2015,8a28308b4a2ffff,145.0
2016,8a28308b4a67fff,9.0
2017,8a28308b4a77fff,297.0
2018,8a28308b4a8ffff,21.0
2019,8a28308b4ac7fff,23.0
2020,8a28308b4b9ffff,2.0
2021,8a28308b4c1ffff,1.0
2022,8a28308b4c47fff,11.0
2023,8a28308b4c77fff,6.0
2024,8a28308b4c8ffff,3.0
2025,8a28308b4caffff,64.0
2026,8a28308b4cdffff,4.0
2027,8a28308b4d97fff,20.0
2028,8a28308b4db7fff,287.0
2029,8a28308b5257fff,2.0
2030,8a28308b5267fff,21.0
2031,8a28308b536ffff,1.0
2032,8a28308b5437fff,5.0
2033,8a28308b54c7fff,2.0
2034,8a28308b5697fff,7.0
2035,8a28308b56affff,1.0
2036,8a28308b56d7fff,11.0
2037,8a28308b56e7fff,15.0
2038,8a28308b5907fff,1.0
2039,8a28308b5a5ffff,8.0
2040,8a28308b5ae7fff,2.0
2041,8a28308b5b77fff,2.0
2042,8a28308b5c37fff,2.0
2043,8a28308b5c97fff,1.0
2044,8a28308b5cb7fff,100.0
2045,8a28308b5d57fff,10.0
2046,8a28308b5d67fff,145.0
2047,8a28308b5d97fff,1.0
2048,8a28308b5d9ffff,17140.0
2049,8a28308b636ffff,27.0
2050,8a28308b6a2ffff,12.0
2051,8a28308b6b2ffff,5.0
2052,8a28308b6b57fff,40.0
2053,8a28308b6b5ffff,7.0
2054,8a28308f400ffff,18.0
2055,8a28308f4017fff,63.0
2056,8a28308f401ffff,43.0
2057,8a28308f4027fff,3.0
2058,8a28308f402ffff,2.0
2059,8a28308f4037fff,6.0
2060,8a28308f4057fff,134.0
2061,8a28308f406ffff,5.0
2062,8a28308f408ffff,8.0
2063,8a28308f40affff,5.0
2064,8a28308f40b7fff,2.0
2065,8a28308f40f7fff,48.0
2066,8a28308f414ffff,12.0
2067,8a28308f4157fff,270.0
2068,8a28308f415ffff,8.0
2069,8a28308f416ffff,64.0
2070,8a28308f418ffff,2.0
2071,8a28308f419ffff,10.0
2072,8a28308f4327fff,1.0
2073,8a28308f4407fff,22.0
2074,8a28308f4437fff,10.0
2075,8a28308f4507fff,8.0
2076,8a28308f4517fff,42.0
2077,8a28308f451ffff,163.0
2078,8a28308f4537fff,10.0
2079,8a28308f454ffff,2.0
2080,8a28308f4557fff,8.0
2081,8a28308f4577fff,2.0
2082,8a28308f4587fff,2.0
2083,8a28308f4597fff,20.0
2084,8a28308f459ffff,41.0
2085,8a28308f45affff,4.0
2086,8a28308f484ffff,113.0
2087,8a28308f4877fff,2.0
2088,8a28308f4887fff,10.0
2089,8a28308f488ffff,2.0
2090,8a28308f4897fff,5.0
2091,8a28308f48a7fff,2.0
2092,8a28308f48affff,3.0
2093,8a28308f492ffff,40.0
2094,8a28308f494ffff,157.0
2095,8a28308f495ffff,4.0
2096,8a28308f4977fff,15.0
2097,8a28308f4a87fff,2.0
2098,8a28308f4a97fff,40.0
2099,8a28308f4a9ffff,24.0
2100,8a28308f4ad7fff,7.0
2101,8a28308f4adffff,4.0
2102,8a28308f4ae7fff,1.0
2103,8a28308f4aeffff,8.0
2104,8a28308f4b0ffff,9.0
2105,8a28308f4b17fff,1198.0
2106,8a28308f4b77fff,29.0
2107,8a28308f4bb7fff,1.0
2108,8a28308f4c27fff,19.0
2109,8a28308f4c4ffff,2.0
2110,8a28308f4c77fff,15.0
2111,8a28308f4c97fff,32.0
2112,8a28308f4ca7fff,2.0
2113,8a28308f4cd7fff,1.0
2114,8a28308f4ceffff,6.0
2115,8a28308f4cf7fff,29.0
2116,8a28308f4d0ffff,47.0
2117,8a28308f4d1ffff,1.0
2118,8a28308f4d27fff,3.0
2119,8a28308f4d2ffff,12.0
2120,8a28308f4d47fff,3.0
2121,8a28308f4d67fff,4.0
2122,8a28308f4d77fff,5.0
2123,8a28308f4d8ffff,9.0
2124,8a28308f5d87fff,17.0
2125,8a28308f5da7fff,20.0
2126,8a28308f6917fff,12.0
2127,8a28308f691ffff,1.0
2128,8a28308f6927fff,26.0
2129,8a28308f6937fff,14.0
2130,8a28308f696ffff,64.0
2131,8a28308f69b7fff,71.0
2132,8a28308f6d27fff,59.0
2133,8a28309800f7fff,37.0
2134,8a283098015ffff,2.0
2135,8a283098030ffff,4.0
2136,8a2830980417fff,8.0
2137,8a2830980437fff,15.0
2138,8a2830980517fff,135.0
2139,8a2830980577fff,10.0
2140,8a28309805a7fff,105.0
2141,8a2830980667fff,1.0
2142,8a28309806effff,3.0
2143,8a283098094ffff,18.0
2144,8a2830980997fff,9.0
2145,8a2830980b27fff,2.0
2146,8a2830980c5ffff,2.0
2147,8a2830981047fff,6.0
2148,8a283098105ffff,3.0
2149,8a2830981077fff,10.0
2150,8a28309810effff,4.0
2151,8a2830981267fff,5.0
2152,8a283098126ffff,4.0
2153,8a283098130ffff,89.0
2154,8a2830981327fff,2.0
2155,8a283098132ffff,359.0
2156,8a2830981337fff,2.0
2157,8a2830981347fff,6.0
2158,8a283098136ffff,7.0
2159,8a2830981377fff,4.0
2160,8a283098138ffff,8.0
2161,8a283098139ffff,1.0
2162,8a283098164ffff,1.0
2163,8a28309816effff,8.0
2164,8a2830981777fff,2.0
2165,8a2830981847fff,30.0
2166,8a283098184ffff,7.0
2167,8a2830981867fff,1.0
2168,8a283098188ffff,3.0
2169,8a2830981a2ffff,8099.0
2170,8a2830981a47fff,9.0
2171,8a2830981a4ffff,45.0
2172,8a2830981a57fff,2.0
2173,8a2830981a77fff,4.0
2174,8a2830981a97fff,5.0
2175,8a2830981a9ffff,9.0
2176,8a2830981ab7fff,4.0
2177,8a2830981b17fff,1.0
2178,8a2830981b4ffff,2.0
2179,8a2830981b5ffff,50.0
2180,8a2830981ba7fff,5.0
2181,8a2830981bb7fff,1.0
2182,8a2830981db7fff,33.0
2183,8a283098208ffff,2.0
2184,8a2830982147fff,1.0
2185,8a283098216ffff,7.0
2186,8a28309822a7fff,2.0
2187,8a283098234ffff,3.0
2188,8a283098239ffff,6.0
2189,8a2830982507fff,2.0
2190,8a2830982537fff,5.0
2191,8a2830982567fff,13.0
2192,8a283098265ffff,1111.0
2193,8a2830982697fff,1.0
2194,8a283098270ffff,19.0
2195,8a2830982747fff,3.0
2196,8a283098281ffff,109.0
2197,8a28309828d7fff,1.0
2198,8a2830982a07fff,5.0
2199,8a2830982a2ffff,2.0
2200,8a2830982a9ffff,36.0
2201,8a2830982b5ffff,1.0
2202,8a2830982c37fff,6.0
2203,8a2830982cb7fff,2.0
2204,8a2830983437fff,7.0
2205,8a283098360ffff,3.0
2206,8a2830983cc7fff,38.0
2207,8a28309844e7fff,5.0
2208,8a2830984727fff,2.0
2209,8a2830984cd7fff,2.0
2210,8a2830984d0ffff,12.0
2211,8a2830984d5ffff,2.0
2212,8a283098501ffff,91.0
2213,8a2830985047fff,3.0
2214,8a283098506ffff,4.0
2215,8a2830985107fff,38.0
2216,8a2830985277fff,2.0
2217,8a2830985287fff,134.0
2218,8a28309858e7fff,1.0
2219,8a2830985907fff,27.0
2220,8a2830985a97fff,156.0
2221,8a2830985b87fff,1.0
2222,8a2830985bb7fff,1742.0
2223,8a283098630ffff,2.0
2224,8a283098642ffff,8.0
2225,8a2830986437fff,3.0
2226,8a2830986517fff,2.0
2227,8a28309865affff,2.0
2228,8a2830986a87fff,45.0
2229,8a28309880e7fff,4.0
2230,8a28309880f7fff,1.0
2231,8a28309882effff,6.0
2232,8a2830988307fff,136.0
2233,8a283098834ffff,15.0
2234,8a2830988377fff,53.0
2235,8a2830988477fff,6.0
2236,8a283098866ffff,3.0
2237,8a28309886affff,2.0
2238,8a283098886ffff,2.0
2239,8a28309888a7fff,6.0
2240,8a28309888d7fff,251.0
2241,8a28309888dffff,33.0
2242,8a28309888effff,10.0
2243,8a28309888f7fff,86.0
2244,8a283098895ffff,5.0
2245,8a2830988a47fff,4.0
2246,8a2830988a4ffff,2.0
2247,8a2830988a5ffff,3.0
2248,8a2830988af7fff,17.0
2249,8a2830988b4ffff,3.0
2250,8a2830988b5ffff,40.0
2251,8a2830988c37fff,6.0
2252,8a2830988c67fff,6.0
2253,8a2830988ce7fff,8.0
2254,8a2830988d0ffff,2.0
2255,8a2830988d1ffff,5.0
2256,8a2830988d4ffff,2.0
2257,8a2830988d77fff,261.0
2258,8a283098904ffff,26.0
2259,8a2830989157fff,1.0
2260,8a2830989267fff,10.0
2261,8a28309892c7fff,12.0
2262,8a28309892dffff,1.0
2263,8a28309892effff,275.0
2264,8a2830989307fff,4.0
2265,8a2830989317fff,4.0
2266,8a283098932ffff,16.0
2267,8a2830989457fff,39.0
2268,8a2830989497fff,4.0
2269,8a28309894d7fff,9.0
2270,8a283098956ffff,5.0
2271,8a2830989587fff,32.0
2272,8a2830989607fff,12.0
2273,8a283098960ffff,27.0
2274,8a2830989617fff,1.0
2275,8a2830989637fff,31.0
2276,8a2830989647fff,2.0
2277,8a283098964ffff,4.0
2278,8a2830989657fff,19.0
2279,8a283098965ffff,24.0
2280,8a2830989677fff,1.0
2281,8a28309896cffff,1.0
2282,8a283098970ffff,9.0
2283,8a2830989807fff,1.0
2284,8a283098986ffff,8.0
2285,8a28309898d7fff,2.0
2286,8a28309898e7fff,4.0
2287,8a2830989937fff,5.0
2288,8a2830989a0ffff,13.0
2289,8a2830989acffff,8.0
2290,8a2830989b87fff,100.0
2291,8a2830989ba7fff,2.0
2292,8a2830989c2ffff,7.0
2293,8a2830989c97fff,3.0
2294,8a2830989cf7fff,3.0
2295,8a2830989d0ffff,13.0
2296,8a2830989d47fff,12.0
2297,8a2830989d5ffff,2.0
2298,8a283098a007fff,10.0
2299,8a283098a017fff,1.0
2300,8a283098a0b7fff,11.0
2301,8a283098a0d7fff,10.0
2302,8a283098a117fff,3.0
2303,8a283098a15ffff,1.0
2304,8a283098a167fff,2.0
2305,8a283098a41ffff,6.0
2306,8a283098a44ffff,2.0
2307,8a283098a477fff,3.0
2308,8a283098a4a7fff,526.0
2309,8a283098a4dffff,4.0
2310,8a283098a507fff,2.0
2311,8a283098a537fff,19.0
2312,8a283098a62ffff,11.0
2313,8a283098a71ffff,1.0
2314,8a283098a747fff,1.0
2315,8a283098aa8ffff,1.0
2316,8a283098aab7fff,6.0
2317,8a283098ac8ffff,7.0
2318,8a283098ace7fff,2.0
2319,8a283098ad97fff,3.0
2320,8a283098b197fff,186.0
2321,8a283098b247fff,1.0
2322,8a283098b28ffff,2048.0
2323,8a283098b297fff,1.0
2324,8a283098b31ffff,7.0
2325,8a283098b397fff,38.0
2326,8a283098b4f7fff,5.0
2327,8a283098b537fff,1.0
2328,8a283098b62ffff,15.0
2329,8a283098b70ffff,184.0
2330,8a283098b71ffff,6.0
2331,8a283098b72ffff,3.0
2332,8a283098b757fff,63.0
2333,8a283098b85ffff,1.0
2334,8a283098b8affff,2.0
2335,8a283098baaffff,11.0
2336,8a283098bc57fff,5.0
2337,8a283098bc8ffff,1.0
2338,8a283098bd47fff,1.0
2339,8a283098bd57fff,15.0
2340,8a283098c187fff,16.0
2341,8a283098c1a7fff,6.0
2342,8a283098c1affff,1.0
2343,8a283098c1b7fff,10.0
2344,8a283098c24ffff,60.0
2345,8a283098c317fff,109.0
2346,8a283098c31ffff,4.0
2347,8a283098c32ffff,8.0
2348,8a283098c337fff,9.0
2349,8a283098c367fff,10.0
2350,8a283098c377fff,5.0
2351,8a283098c4cffff,89.0
2352,8a283098c4dffff,139.0
2353,8a283098c507fff,82.0
2354,8a283098c50ffff,1.0
2355,8a283098c517fff,378.0
2356,8a283098c51ffff,84.0
2357,8a283098c527fff,217.0
2358,8a283098c52ffff,17144.0
2359,8a283098c537fff,318.0
2360,8a283098c56ffff,1.0
2361,8a283098c58ffff,5.0
2362,8a283098c5affff,80.0
2363,8a283098c66ffff,302.0
2364,8a283098c6d7fff,3.0
2365,8a283098c6dffff,8.0
2366,8a283098c797fff,2374.0
2367,8a283098c7b7fff,16.0
2368,8a283098ca9ffff,24.0
2369,8a283098cb47fff,936.0
2370,8a283098cc0ffff,15.0
2371,8a283098cc17fff,13.0
2372,8a283098cc57fff,8.0
2373,8a283098cc5ffff,283.0
2374,8a283098cc97fff,13.0
2375,8a283098cc9ffff,104.0
2376,8a283098cca7fff,6.0
2377,8a283098ccaffff,2.0
2378,8a283098ccb7fff,9.0
2379,8a283098ccd7fff,86.0
2380,8a283098cd07fff,10.0
2381,8a283098cd47fff,1.0
2382,8a283098cd5ffff,2.0
2383,8a283098cd8ffff,15.0
2384,8a283098cd9ffff,2.0
2385,8a283098cda7fff,21.0
2386,8a283098cdaffff,50.0
2387,8a283098d00ffff,16.0
2388,8a283098d02ffff,4.0
2389,8a283098d037fff,21.0
2390,8a283098d067fff,24.0
2391,8a283098d06ffff,32.0
2392,8a283098d077fff,100.0
2393,8a283098d0e7fff,3.0
2394,8a283098d0effff,2.0
2395,8a283098d15ffff,9610.0
2396,8a283098d18ffff,1.0
2397,8a283098d1a7fff,27.0
2398,8a283098d1b7fff,2.0
2399,8a283098d20ffff,20.0
2400,8a283098d217fff,5.0
2401,8a283098d237fff,56.0
2402,8a283098d24ffff,1.0
2403,8a283098d29ffff,2.0
2404,8a283098d2b7fff,3.0
2405,8a283098d2c7fff,17.0
2406,8a283098d2cffff,5.0
2407,8a283098d2effff,52.0
2408,8a283098d307fff,12.0
2409,8a283098d327fff,23.0
2410,8a283098d367fff,10.0
2411,8a283098d36ffff,2.0
2412,8a283098d377fff,5.0
2413,8a283098d38ffff,13.0
2414,8a283098d417fff,10.0
2415,8a283098d457fff,3.0
2416,8a283098d497fff,25.0
2417,8a283098d49ffff,27.0
2418,8a283098d537fff,3.0
2419,8a283098d557fff,21.0
2420,8a283098d657fff,5.0
2421,8a283098d68ffff,1.0
2422,8a283098d6a7fff,93.0
2423,8a283098d6affff,3.0
2424,8a283098d6dffff,30.0
2425,8a283098d71ffff,3.0
2426,8a283098d747fff,3.0
2427,8a283098d75ffff,12.0
2428,8a283098d8b7fff,4.0
2429,8a283098d927fff,28.0
2430,8a283098d92ffff,4.0
2431,8a283098d937fff,2.0
2432,8a283098d977fff,22.0
2433,8a283098dc17fff,8.0
2434,8a283098dc1ffff,35.0
2435,8a283098dc6ffff,985.0
2436,8a283098dcc7fff,29.0
2437,8a283098dcd7fff,2.0
2438,8a283098dcdffff,1.0
2439,8a283098dce7fff,4.0
2440,8a283098dcf7fff,12.0
2441,8a283098dd27fff,4.0
2442,8a283098dd4ffff,1.0
2443,8a283098e057fff,9.0
2444,8a283098e05ffff,46.0
2445,8a283098e577fff,2.0
2446,8a283098e8effff,190.0
2447,8a283098ea97fff,4.0
2448,8a283098eb47fff,509.0
2449,8a283098eb67fff,45.0
2450,8a283098eb6ffff,10.0
2451,8a283098eb77fff,2.0
2452,8a283098ebb7fff,2.0
2453,8a2830991037fff,2.0
2454,8a2830991077fff,54.0
2455,8a2830991087fff,28.0
2456,8a283099109ffff,315.0
2457,8a28309910e7fff,2.0
2458,8a28309912effff,8.0
2459,8a283099132ffff,13.0
2460,8a2830991367fff,101.0
2461,8a283099136ffff,3.0
2462,8a283099156ffff,2.0
2463,8a2830991667fff,33.0
2464,8a2830991727fff,6.0
2465,8a2830991757fff,8.0
2466,8a283099175ffff,8.0
2467,8a28309917a7fff,3.0
2468,8a28309918a7fff,24.0
2469,8a2830991a4ffff,17.0
2470,8a2830991ac7fff,105.0
2471,8a2830991adffff,221.0
2472,8a2830991b87fff,3.0
2473,8a283099500ffff,2.0
2474,8a2830995057fff,59.0
2475,8a2830995197fff,1.0
2476,8a2830995247fff,2.0
2477,8a28309952cffff,2.0
2478,8a2830995307fff,5.0
2479,8a2830995637fff,1.0
2480,8a28309956effff,277.0
2481,8a2830995767fff,3.0
2482,8a2830995787fff,2.0
2483,8a28309958cffff,2.0
2484,8a2830995937fff,6.0
2485,8a283099596ffff,19.0
2486,8a2830995ad7fff,30.0
2487,8a2830995cc7fff,7.0
2488,8a2830995ceffff,5.0
2489,8a2830995d27fff,4.0
2490,8a2830995d77fff,2.0
2491,8a2830998127fff,2.0
2492,8a283099814ffff,2.0
2493,8a283099815ffff,18.0
2494,8a28309981b7fff,20.0
2495,8a283099836ffff,1.0
2496,8a283099846ffff,3.0
2497,8a283099849ffff,4.0
2498,8a2830998507fff,9.0
2499,8a2830998627fff,4.0
2500,8a28309986a7fff,77.0
2501,8a283099878ffff,2.0
2502,8a283099889ffff,1031.0
2503,8a28309988b7fff,44.0
2504,8a2830998c6ffff,63.0
2505,8a2830998ce7fff,21.0
2506,8a2830998d1ffff,350.0
2507,8a2830998d4ffff,11.0
2508,8a2830999007fff,1.0
2509,8a283099900ffff,11.0
2510,8a2830999037fff,10.0
2511,8a2830999077fff,21.0
2512,8a28309990cffff,2.0
2513,8a2830999107fff,1.0
2514,8a2830999187fff,4.0
2515,8a2830999477fff,4.0
2516,8a28309994a7fff,5.0
2517,8a28309994b7fff,7.0
2518,8a2830999517fff,6.0
2519,8a283099951ffff,1.0
2520,8a2830999617fff,3.0
2521,8a283099961ffff,6.0
2522,8a2830999647fff,14.0
2523,8a283099964ffff,4.0
2524,8a283099965ffff,28.0
2525,8a283099969ffff,8.0
2526,8a2830999737fff,4.0
2527,8a2830999767fff,4.0
2528,8a28309997affff,3.0
2529,8a2830999827fff,1.0
2530,8a28309998affff,8.0
2531,8a28309998dffff,10.0
2532,8a2830999a27fff,3.0
2533,8a2830999a87fff,3.0
2534,8a2830999a97fff,2.0
2535,8a2830999a9ffff,4.0
2536,8a2830999b37fff,7.0
2537,8a2830999b4ffff,60.0
2538,8a2830999b67fff,19.0
2539,8a2830999cc7fff,71.0
2540,8a283099a267fff,2.0
2541,8a283099a447fff,532.0
2542,8a283099a877fff,1.0
2543,8a283099aa27fff,8.0
2544,8a283099ab8ffff,40.0
2545,8a283099b037fff,6.0
2546,8a283099b05ffff,3.0
2547,8a283099b0a7fff,10.0
2548,8a283099b0c7fff,5.0
2549,8a283099b0cffff,2.0
2550,8a283099b0d7fff,135.0
2551,8a283099b0effff,18.0
2552,8a283099b0f7fff,2563.0
2553,8a283099b107fff,9.0
2554,8a283099b11ffff,54.0
2555,8a283099b187fff,33.0
2556,8a283099b18ffff,67.0
2557,8a283099b1a7fff,28.0
2558,8a283099b1affff,2.0
2559,8a283099b1b7fff,4.0
2560,8a283099b21ffff,4.0
2561,8a283099b257fff,6.0
2562,8a283099b2d7fff,3.0
2563,8a283099b2e7fff,2.0
2564,8a283099b35ffff,2.0
2565,8a283099b397fff,1.0
2566,8a283099b447fff,5.0
2567,8a283099b507fff,40.0
2568,8a283099b527fff,2.0
2569,8a283099b52ffff,3.0
2570,8a283099b597fff,1.0
2571,8a283099b657fff,3.0
2572,8a283099b6cffff,23.0
2573,8a283099b717fff,7.0
2574,8a283099b817fff,2.0
2575,8a283099b857fff,2.0
2576,8a283099b8a7fff,32.0
2577,8a283099b8affff,61.0
2578,8a283099b8b7fff,7.0
2579,8a283099b8c7fff,2.0
2580,8a283099b8e7fff,9.0
2581,8a283099b997fff,1.0
2582,8a283099ba17fff,6.0
2583,8a283099ba57fff,3.0
2584,8a283099ba87fff,2.0
2585,8a283099bc4ffff,15.0
2586,8a283099bc57fff,306.0
2587,8a283099bc67fff,1.0
2588,8a283099bd47fff,7.0
2589,8a283099bd6ffff,2.0
2590,8a283099bdaffff,1.0
2591,8a283099c087fff,1.0
2592,8a283099c127fff,2.0
2593,8a283099c18ffff,5.0
2594,8a283099c20ffff,32.0
2595,8a283099c247fff,17.0
2596,8a283099c267fff,4.0
2597,8a283099c30ffff,7.0
2598,8a283099c34ffff,2.0
2599,8a283099c357fff,75.0
2600,8a283099c457fff,2.0
2601,8a283099c46ffff,8.0
2602,8a283099c4affff,6.0
2603,8a283099c4f7fff,35.0
2604,8a283099c69ffff,162.0
2605,8a283099c75ffff,28.0
2606,8a283099c807fff,10.0
2607,8a283099c80ffff,6.0
2608,8a283099c81ffff,11.0
2609,8a283099c8affff,17.0
2610,8a283099c8d7fff,6.0
2611,8a283099c8dffff,2.0
2612,8a283099c917fff,3.0
2613,8a283099c91ffff,34.0
2614,8a283099c997fff,7.0
2615,8a283099c9a7fff,18.0
2616,8a283099c9affff,15.0
2617,8a283099c9b7fff,4.0
2618,8a283099cb37fff,82.0
2619,8a283099cc5ffff,7.0
2620,8a283099cc97fff,2.0
2621,8a283099ccd7fff,8.0
2622,8a283099ccf7fff,4.0
2623,8a283099cd0ffff,359.0
2624,8a283099cd77fff,4.0
2625,8a283099d0b7fff,11.0
2626,8a283099d0cffff,4.0
2627,8a283099d0dffff,338.0
2628,8a283099d2cffff,5.0
2629,8a283099d337fff,12.0
2630,8a283099d40ffff,12.0
2631,8a283099d437fff,6.0
2632,8a283099d447fff,63.0
2633,8a283099d477fff,5.0
2634,8a283099d527fff,2.0
2635,8a283099d587fff,6.0
2636,8a283099d697fff,11.0
2637,8a283099d737fff,19.0
2638,8a283099d747fff,3.0
2639,8a283099d81ffff,2.0
2640,8a283099d827fff,5.0
2641,8a283099d8b7fff,2.0
2642,8a283099d8dffff,2.0
2643,8a283099d99ffff,2.0
2644,8a283099dadffff,113.0
2645,8a283099dc97fff,1.0
2646,8a283099dcaffff,61.0
2647,8a283099dd07fff,4.0
2648,8a283099dd6ffff,187.0
2649,8a283099dd87fff,2.0
2650,8a283099e0cffff,8.0
2651,8a283099e21ffff,1.0
2652,8a283099e357fff,3.0
2653,8a283099e377fff,8.0
2654,8a283099e387fff,1.0
2655,8a283099e397fff,9.0
2656,8a283099e3a7fff,3.0
2657,8a283099e3affff,734.0
2658,8a283099e85ffff,4.0
2659,8a283099ea47fff,12.0
2660,8a283099ea87fff,3.0
2661,8a283099ea97fff,2.0
2662,8a283099ea9ffff,10.0
2663,8a283099eaa7fff,17.0
2664,8a283099eab7fff,3.0
2665,8a283099eadffff,2.0
2666,8a283099eb5ffff,1.0
2667,8a283099ec6ffff,25.0
2668,8a28309a3087fff,14.0
2669,8a28309a308ffff,8.0
2670,8a28309a30b7fff,16.0
2671,8a28309a30d7fff,1.0
2672,8a28309a30dffff,9.0
2673,8a28309a3447fff,9.0
2674,8a28309a344ffff,48.0
2675,8a28309a3467fff,36.0
2676,8a28309a346ffff,30.0
2677,8a28309a3477fff,11.0
2678,8a28309a354ffff,30.0
2679,8a28309a361ffff,7.0
2680,8a28309a3637fff,4.0
2681,8a28309a36a7fff,113.0
2682,8a28309a36dffff,11.0
2683,8a28309a36e7fff,6.0
2684,8a28309a36effff,3.0
2685,8a28309a3717fff,10.0
2686,8a28309a3747fff,1.0
2687,8a28309a374ffff,2.0
2688,8a28309a376ffff,351.0
2689,8a28309a3777fff,4418.0
2690,8a28309aa097fff,4.0
2691,8a28309aa24ffff,18.0
2692,8a28309aa48ffff,2.0
2693,8a28309aa757fff,2.0
2694,8a28309aa8dffff,1.0
2695,8a28309aa967fff,120.0
2696,8a28309aad27fff,4.0
2697,8a28309aad2ffff,3.0
2698,8a28309aad37fff,21.0
2699,8a28309aad57fff,6.0
2700,8a28309aad67fff,3.0
2701,8a28309ab007fff,262.0
2702,8a28309ab167fff,1.0
2703,8a28309ab267fff,2.0
2704,8a28309ab29ffff,15.0
2705,8a28309ab2a7fff,1.0
2706,8a28309ab2cffff,489.0
2707,8a28309ab30ffff,7.0
2708,8a28309ab357fff,2.0
2709,8a28309ab35ffff,5.0
2710,8a28309ab377fff,39.0
2711,8a28309ab407fff,1.0
2712,8a28309ab417fff,154.0
2713,8a28309ab41ffff,29.0
2714,8a28309ab437fff,37.0
2715,8a28309ab4affff,13.0
2716,8a28309ab4e7fff,16.0
2717,8a28309ab547fff,5.0
2718,8a28309ab577fff,60.0
2719,8a28309ab5affff,24.0
2720,8a28309ab607fff,2.0
2721,8a28309ab627fff,15.0
2722,8a28309ab62ffff,281.0
2723,8a28309ab647fff,14.0
2724,8a28309ab747fff,18.0
2725,8a28309ab74ffff,8.0
2726,8a28309ab887fff,22.0
2727,8a28309ab897fff,2.0
2728,8a28309ab8d7fff,303.0
2729,8a28309aba9ffff,16.0
2730,8a28309abadffff,274.0
2731,8a28309abc6ffff,7.0
2732,8a28309abccffff,25.0
2733,8a28309abd17fff,12.0
2734,8a28309abd77fff,9.0
2735,8a28309abd87fff,12.0
2736,8a28309ae61ffff,1.0
2737,8a28309ae68ffff,7.0
2738,8a28309ae6d7fff,2.0
2739,8a28309ae6f7fff,1.0
2740,8a28309b065ffff,13.0
2741,8a28309b1047fff,7.0
2742,8a28309b106ffff,2.0
2743,8a28309b1077fff,26.0
2744,8a28309b1697fff,42.0
2745,8a28309b1767fff,8.0
2746,8a28309b1a5ffff,8.0
2747,8a28309b308ffff,17.0
2748,8a28309b30c7fff,5.0
2749,8a28309b3207fff,1.0
2750,8a28309b324ffff,3.0
2751,8a28309b328ffff,127.0
2752,8a28309b32d7fff,2.0
2753,8a28309b3397fff,15.0
2754,8a28309b339ffff,1.0
2755,8a28309b3647fff,3.0
2756,8a28309b384ffff,5.0
2757,8a28309b394ffff,352.0
2758,8a2830d69a5ffff,39.0
2759,8a2830d69a77fff,3.0
2760,8a2830d69b67fff,1.0
